"","Substance","func","size_class","layer","time","cell_type_general","species","assay","type","media","dose","model_2_values","bmd_id"
"1","EoYncPX1",NA,"QhvvMEVq",2,24,"wINVDlE4","w15ouKhY","tTq9T1IN","aNDDZypx","MDEDiJHv",10,97.4040194987862,3008
"2","EoYncPX1",NA,"QhvvMEVq",2,24,"wINVDlE4","w15ouKhY","tTq9T1IN","aNDDZypx","MDEDiJHv",20,86.8735697422676,3008
"3","EoYncPX1",NA,"QhvvMEVq",2,24,"wINVDlE4","w15ouKhY","tTq9T1IN","aNDDZypx","MDEDiJHv",30,77.0380738529106,3008
"4","EoYncPX1",NA,"QhvvMEVq",2,24,"wINVDlE4","w15ouKhY","tTq9T1IN","aNDDZypx","MDEDiJHv",40,67.8975318307153,3008
"5","EoYncPX1",NA,"QhvvMEVq",2,24,"wINVDlE4","w15ouKhY","tTq9T1IN","aNDDZypx","MDEDiJHv",50,59.4519436756817,3008
"6","EoYncPX1",NA,"QhvvMEVq",2,24,"wINVDlE4","w15ouKhY","tTq9T1IN","aNDDZypx","MDEDiJHv",60,51.7013093878098,3008
"7","EoYncPX1",NA,"QhvvMEVq",2,24,"wINVDlE4","w15ouKhY","tTq9T1IN","aNDDZypx","MDEDiJHv",70,44.6456289670995,3008
"8","EoYncPX1",NA,"QhvvMEVq",2,24,"wINVDlE4","w15ouKhY","tTq9T1IN","aNDDZypx","MDEDiJHv",80,38.284902413551,3008
"9","EoYncPX1",NA,"QhvvMEVq",2,24,"wINVDlE4","w15ouKhY","tTq9T1IN","aNDDZypx","MDEDiJHv",90,32.6191297271641,3008
"10","EoYncPX1",NA,"QhvvMEVq",2,24,"wINVDlE4","w15ouKhY","tTq9T1IN","aNDDZypx","MDEDiJHv",100,27.6483109079389,3008
"11","QKZn1yzA",NA,"1XWHdme1",1,24,"wINVDlE4","w15ouKhY","tTq9T1IN","1kVtNcCJ","MDEDiJHv",10,94.3126184827734,3009
"12","QKZn1yzA",NA,"1XWHdme1",1,24,"wINVDlE4","w15ouKhY","tTq9T1IN","1kVtNcCJ","MDEDiJHv",20,90.5777506641326,3009
"13","QKZn1yzA",NA,"1XWHdme1",1,24,"wINVDlE4","w15ouKhY","tTq9T1IN","1kVtNcCJ","MDEDiJHv",30,86.6724928060764,3009
"14","QKZn1yzA",NA,"1XWHdme1",1,24,"wINVDlE4","w15ouKhY","tTq9T1IN","1kVtNcCJ","MDEDiJHv",40,82.5968449086048,3009
"15","QKZn1yzA",NA,"1XWHdme1",1,24,"wINVDlE4","w15ouKhY","tTq9T1IN","1kVtNcCJ","MDEDiJHv",50,78.3508069717177,3009
"16","QKZn1yzA",NA,"1XWHdme1",1,24,"wINVDlE4","w15ouKhY","tTq9T1IN","1kVtNcCJ","MDEDiJHv",60,73.9343789954151,3009
"17","QKZn1yzA",NA,"1XWHdme1",1,24,"wINVDlE4","w15ouKhY","tTq9T1IN","1kVtNcCJ","MDEDiJHv",70,69.3475609796972,3009
"18","QKZn1yzA",NA,"1XWHdme1",1,24,"wINVDlE4","w15ouKhY","tTq9T1IN","1kVtNcCJ","MDEDiJHv",80,64.5903529245638,3009
"19","QKZn1yzA",NA,"1XWHdme1",1,24,"wINVDlE4","w15ouKhY","tTq9T1IN","1kVtNcCJ","MDEDiJHv",90,59.662754830015,3009
"20","QKZn1yzA",NA,"1XWHdme1",1,24,"wINVDlE4","w15ouKhY","tTq9T1IN","1kVtNcCJ","MDEDiJHv",100,54.5647666960507,3009
"21","QKZn1yzA",NA,"1XWHdme1",6,24,"wINVDlE4","w15ouKhY","tTq9T1IN","ZRvWP6tk","MDEDiJHv",10,99.6591892600697,3010
"22","QKZn1yzA",NA,"1XWHdme1",6,24,"wINVDlE4","w15ouKhY","tTq9T1IN","ZRvWP6tk","MDEDiJHv",20,94.1930105057088,3010
"23","QKZn1yzA",NA,"1XWHdme1",6,24,"wINVDlE4","w15ouKhY","tTq9T1IN","ZRvWP6tk","MDEDiJHv",30,88.9086542879677,3010
"24","QKZn1yzA",NA,"1XWHdme1",6,24,"wINVDlE4","w15ouKhY","tTq9T1IN","ZRvWP6tk","MDEDiJHv",40,83.8061206068465,3010
"25","QKZn1yzA",NA,"1XWHdme1",6,24,"wINVDlE4","w15ouKhY","tTq9T1IN","ZRvWP6tk","MDEDiJHv",50,78.885409462345,3010
"26","QKZn1yzA",NA,"1XWHdme1",6,24,"wINVDlE4","w15ouKhY","tTq9T1IN","ZRvWP6tk","MDEDiJHv",60,74.1465208544633,3010
"27","QKZn1yzA",NA,"1XWHdme1",6,24,"wINVDlE4","w15ouKhY","tTq9T1IN","ZRvWP6tk","MDEDiJHv",70,69.5894547832015,3010
"28","QKZn1yzA",NA,"1XWHdme1",6,24,"wINVDlE4","w15ouKhY","tTq9T1IN","ZRvWP6tk","MDEDiJHv",80,65.2142112485594,3010
"29","QKZn1yzA",NA,"1XWHdme1",6,24,"wINVDlE4","w15ouKhY","tTq9T1IN","ZRvWP6tk","MDEDiJHv",90,61.0207902505372,3010
"30","QKZn1yzA",NA,"1XWHdme1",6,24,"wINVDlE4","w15ouKhY","tTq9T1IN","ZRvWP6tk","MDEDiJHv",100,57.0091917891347,3010
"31","EoYncPX1","JnqQM0lo","QhvvMEVq",1.5,24,"wINVDlE4","w15ouKhY","tTq9T1IN","42hTuSbQ","MDEDiJHv",10,95.6803385606821,3011
"32","EoYncPX1","JnqQM0lo","QhvvMEVq",1.5,24,"wINVDlE4","w15ouKhY","tTq9T1IN","42hTuSbQ","MDEDiJHv",20,87.9465230317641,3011
"33","EoYncPX1","JnqQM0lo","QhvvMEVq",1.5,24,"wINVDlE4","w15ouKhY","tTq9T1IN","42hTuSbQ","MDEDiJHv",30,80.6418865019079,3011
"34","EoYncPX1","JnqQM0lo","QhvvMEVq",1.5,24,"wINVDlE4","w15ouKhY","tTq9T1IN","42hTuSbQ","MDEDiJHv",40,73.7664289711137,3011
"35","EoYncPX1","JnqQM0lo","QhvvMEVq",1.5,24,"wINVDlE4","w15ouKhY","tTq9T1IN","42hTuSbQ","MDEDiJHv",50,67.3201504393813,3011
"36","EoYncPX1","JnqQM0lo","QhvvMEVq",1.5,24,"wINVDlE4","w15ouKhY","tTq9T1IN","42hTuSbQ","MDEDiJHv",60,61.3030509067108,3011
"37","EoYncPX1","JnqQM0lo","QhvvMEVq",1.5,24,"wINVDlE4","w15ouKhY","tTq9T1IN","42hTuSbQ","MDEDiJHv",70,55.7151303731022,3011
"38","EoYncPX1","JnqQM0lo","QhvvMEVq",1.5,24,"wINVDlE4","w15ouKhY","tTq9T1IN","42hTuSbQ","MDEDiJHv",80,50.5563888385555,3011
"39","EoYncPX1","JnqQM0lo","QhvvMEVq",1.5,24,"wINVDlE4","w15ouKhY","tTq9T1IN","42hTuSbQ","MDEDiJHv",90,45.8268263030707,3011
"40","EoYncPX1","JnqQM0lo","QhvvMEVq",1.5,24,"wINVDlE4","w15ouKhY","tTq9T1IN","42hTuSbQ","MDEDiJHv",100,41.5264427666479,3011
"41","EoYncPX1","FPSgiOjw","QhvvMEVq",1.5,24,"wINVDlE4","w15ouKhY","tTq9T1IN","mTf4hRF5","MDEDiJHv",10,96.8400092514786,3012
"42","EoYncPX1","FPSgiOjw","QhvvMEVq",1.5,24,"wINVDlE4","w15ouKhY","tTq9T1IN","mTf4hRF5","MDEDiJHv",20,86.7120030705229,3012
"43","EoYncPX1","FPSgiOjw","QhvvMEVq",1.5,24,"wINVDlE4","w15ouKhY","tTq9T1IN","mTf4hRF5","MDEDiJHv",30,77.3473020726995,3012
"44","EoYncPX1","FPSgiOjw","QhvvMEVq",1.5,24,"wINVDlE4","w15ouKhY","tTq9T1IN","mTf4hRF5","MDEDiJHv",40,68.7459062580083,3012
"45","EoYncPX1","FPSgiOjw","QhvvMEVq",1.5,24,"wINVDlE4","w15ouKhY","tTq9T1IN","mTf4hRF5","MDEDiJHv",50,60.9078156264494,3012
"46","EoYncPX1","FPSgiOjw","QhvvMEVq",1.5,24,"wINVDlE4","w15ouKhY","tTq9T1IN","mTf4hRF5","MDEDiJHv",60,53.8330301780228,3012
"47","EoYncPX1","FPSgiOjw","QhvvMEVq",1.5,24,"wINVDlE4","w15ouKhY","tTq9T1IN","mTf4hRF5","MDEDiJHv",70,47.5215499127285,3012
"48","EoYncPX1","FPSgiOjw","QhvvMEVq",1.5,24,"wINVDlE4","w15ouKhY","tTq9T1IN","mTf4hRF5","MDEDiJHv",80,41.9733748305664,3012
"49","EoYncPX1","FPSgiOjw","QhvvMEVq",1.5,24,"wINVDlE4","w15ouKhY","tTq9T1IN","mTf4hRF5","MDEDiJHv",90,37.1885049315366,3012
"50","EoYncPX1","FPSgiOjw","QhvvMEVq",1.5,24,"wINVDlE4","w15ouKhY","tTq9T1IN","mTf4hRF5","MDEDiJHv",100,33.1669402156391,3012
"51","QKZn1yzA",NA,"YyZvyFTy",1,24,"wINVDlE4","w15ouKhY","TYDoxWwQ","JS8n0pw8","5ROBC8QM",10,91.8264307311269,4070
"52","QKZn1yzA",NA,"YyZvyFTy",1,24,"wINVDlE4","w15ouKhY","TYDoxWwQ","JS8n0pw8","5ROBC8QM",20,88.673580013017,4070
"53","QKZn1yzA",NA,"YyZvyFTy",1,24,"wINVDlE4","w15ouKhY","TYDoxWwQ","JS8n0pw8","5ROBC8QM",30,85.8214911554747,4070
"54","QKZn1yzA",NA,"YyZvyFTy",1,24,"wINVDlE4","w15ouKhY","TYDoxWwQ","JS8n0pw8","5ROBC8QM",40,83.2701641584998,4070
"55","QKZn1yzA",NA,"YyZvyFTy",1,24,"wINVDlE4","w15ouKhY","TYDoxWwQ","JS8n0pw8","5ROBC8QM",50,81.0195990220924,4070
"56","QKZn1yzA",NA,"YyZvyFTy",1,24,"wINVDlE4","w15ouKhY","TYDoxWwQ","JS8n0pw8","5ROBC8QM",60,79.0697957462524,4070
"57","QKZn1yzA",NA,"YyZvyFTy",1,24,"wINVDlE4","w15ouKhY","TYDoxWwQ","JS8n0pw8","5ROBC8QM",70,77.4207543309799,4070
"58","QKZn1yzA",NA,"YyZvyFTy",1,24,"wINVDlE4","w15ouKhY","TYDoxWwQ","JS8n0pw8","5ROBC8QM",80,76.0724747762749,4070
"59","QKZn1yzA",NA,"YyZvyFTy",1,24,"wINVDlE4","w15ouKhY","TYDoxWwQ","JS8n0pw8","5ROBC8QM",90,75.0249570821374,4070
"60","QKZn1yzA",NA,"YyZvyFTy",1,24,"wINVDlE4","w15ouKhY","TYDoxWwQ","JS8n0pw8","5ROBC8QM",100,74.2782012485673,4070
"61","QKZn1yzA",NA,"YyZvyFTy",1,24,"wINVDlE4","w15ouKhY","TYDoxWwQ","JS8n0pw8","SKQGslHu",10,94.0365246665978,4074
"62","QKZn1yzA",NA,"YyZvyFTy",1,24,"wINVDlE4","w15ouKhY","TYDoxWwQ","JS8n0pw8","SKQGslHu",20,92.3691622410714,4074
"63","QKZn1yzA",NA,"YyZvyFTy",1,24,"wINVDlE4","w15ouKhY","TYDoxWwQ","JS8n0pw8","SKQGslHu",30,90.8024817490609,4074
"64","QKZn1yzA",NA,"YyZvyFTy",1,24,"wINVDlE4","w15ouKhY","TYDoxWwQ","JS8n0pw8","SKQGslHu",40,89.3364831905661,4074
"65","QKZn1yzA",NA,"YyZvyFTy",1,24,"wINVDlE4","w15ouKhY","TYDoxWwQ","JS8n0pw8","SKQGslHu",50,87.9711665655871,4074
"66","QKZn1yzA",NA,"YyZvyFTy",1,24,"wINVDlE4","w15ouKhY","TYDoxWwQ","JS8n0pw8","SKQGslHu",60,86.7065318741239,4074
"67","QKZn1yzA",NA,"YyZvyFTy",1,24,"wINVDlE4","w15ouKhY","TYDoxWwQ","JS8n0pw8","SKQGslHu",70,85.5425791161765,4074
"68","QKZn1yzA",NA,"YyZvyFTy",1,24,"wINVDlE4","w15ouKhY","TYDoxWwQ","JS8n0pw8","SKQGslHu",80,84.479308291745,4074
"69","QKZn1yzA",NA,"YyZvyFTy",1,24,"wINVDlE4","w15ouKhY","TYDoxWwQ","JS8n0pw8","SKQGslHu",90,83.5167194008292,4074
"70","QKZn1yzA",NA,"YyZvyFTy",1,24,"wINVDlE4","w15ouKhY","TYDoxWwQ","JS8n0pw8","SKQGslHu",100,82.6548124434292,4074
"71","eYA4B4iC",NA,"YyZvyFTy",3.5,24,"wINVDlE4","w15ouKhY","TYDoxWwQ","GNNjyhr8","5ROBC8QM",10,89.0479641571498,4078
"72","eYA4B4iC",NA,"YyZvyFTy",3.5,24,"wINVDlE4","w15ouKhY","TYDoxWwQ","GNNjyhr8","5ROBC8QM",20,85.6757498449161,4078
"73","eYA4B4iC",NA,"YyZvyFTy",3.5,24,"wINVDlE4","w15ouKhY","TYDoxWwQ","GNNjyhr8","5ROBC8QM",30,82.6083119685431,4078
"74","eYA4B4iC",NA,"YyZvyFTy",3.5,24,"wINVDlE4","w15ouKhY","TYDoxWwQ","GNNjyhr8","5ROBC8QM",40,79.845650528031,4078
"75","eYA4B4iC",NA,"YyZvyFTy",3.5,24,"wINVDlE4","w15ouKhY","TYDoxWwQ","GNNjyhr8","5ROBC8QM",50,77.3877655233797,4078
"76","eYA4B4iC",NA,"YyZvyFTy",3.5,24,"wINVDlE4","w15ouKhY","TYDoxWwQ","GNNjyhr8","5ROBC8QM",60,75.2346569545892,4078
"77","eYA4B4iC",NA,"YyZvyFTy",3.5,24,"wINVDlE4","w15ouKhY","TYDoxWwQ","GNNjyhr8","5ROBC8QM",70,73.3863248216595,4078
"78","eYA4B4iC",NA,"YyZvyFTy",3.5,24,"wINVDlE4","w15ouKhY","TYDoxWwQ","GNNjyhr8","5ROBC8QM",80,71.8427691245907,4078
"79","eYA4B4iC",NA,"YyZvyFTy",3.5,24,"wINVDlE4","w15ouKhY","TYDoxWwQ","GNNjyhr8","5ROBC8QM",90,70.6039898633827,4078
"80","eYA4B4iC",NA,"YyZvyFTy",3.5,24,"wINVDlE4","w15ouKhY","TYDoxWwQ","GNNjyhr8","5ROBC8QM",100,69.6699870380355,4078
"81","eYA4B4iC",NA,"YyZvyFTy",3.5,24,"wINVDlE4","w15ouKhY","TYDoxWwQ","GNNjyhr8","SKQGslHu",10,90.1363447148444,4082
"82","eYA4B4iC",NA,"YyZvyFTy",3.5,24,"wINVDlE4","w15ouKhY","TYDoxWwQ","GNNjyhr8","SKQGslHu",20,87.0948464147307,4082
"83","eYA4B4iC",NA,"YyZvyFTy",3.5,24,"wINVDlE4","w15ouKhY","TYDoxWwQ","GNNjyhr8","SKQGslHu",30,84.4131549191275,4082
"84","eYA4B4iC",NA,"YyZvyFTy",3.5,24,"wINVDlE4","w15ouKhY","TYDoxWwQ","GNNjyhr8","SKQGslHu",40,82.0912702280347,4082
"85","eYA4B4iC",NA,"YyZvyFTy",3.5,24,"wINVDlE4","w15ouKhY","TYDoxWwQ","GNNjyhr8","SKQGslHu",50,80.1291923414525,4082
"86","eYA4B4iC",NA,"YyZvyFTy",3.5,24,"wINVDlE4","w15ouKhY","TYDoxWwQ","GNNjyhr8","SKQGslHu",60,78.5269212593807,4082
"87","eYA4B4iC",NA,"YyZvyFTy",3.5,24,"wINVDlE4","w15ouKhY","TYDoxWwQ","GNNjyhr8","SKQGslHu",70,77.2844569818194,4082
"88","eYA4B4iC",NA,"YyZvyFTy",3.5,24,"wINVDlE4","w15ouKhY","TYDoxWwQ","GNNjyhr8","SKQGslHu",80,76.4017995087686,4082
"89","eYA4B4iC",NA,"YyZvyFTy",3.5,24,"wINVDlE4","w15ouKhY","TYDoxWwQ","GNNjyhr8","SKQGslHu",90,75.8789488402283,4082
"90","eYA4B4iC",NA,"YyZvyFTy",3.5,24,"wINVDlE4","w15ouKhY","TYDoxWwQ","GNNjyhr8","SKQGslHu",100,75.7159049761985,4082
"91","eYA4B4iC",NA,"YyZvyFTy",3.5,24,"wINVDlE4","w15ouKhY","TYDoxWwQ","0igg587j","5ROBC8QM",10,97.8010153001764,4086
"92","eYA4B4iC",NA,"YyZvyFTy",3.5,24,"wINVDlE4","w15ouKhY","TYDoxWwQ","0igg587j","5ROBC8QM",20,96.6414449775944,4086
"93","eYA4B4iC",NA,"YyZvyFTy",3.5,24,"wINVDlE4","w15ouKhY","TYDoxWwQ","0igg587j","5ROBC8QM",30,95.6580519320889,4086
"94","eYA4B4iC",NA,"YyZvyFTy",3.5,24,"wINVDlE4","w15ouKhY","TYDoxWwQ","0igg587j","5ROBC8QM",40,94.8508361636599,4086
"95","eYA4B4iC",NA,"YyZvyFTy",3.5,24,"wINVDlE4","w15ouKhY","TYDoxWwQ","0igg587j","5ROBC8QM",50,94.2197976723074,4086
"96","eYA4B4iC",NA,"YyZvyFTy",3.5,24,"wINVDlE4","w15ouKhY","TYDoxWwQ","0igg587j","5ROBC8QM",60,93.7649364580314,4086
"97","eYA4B4iC",NA,"YyZvyFTy",3.5,24,"wINVDlE4","w15ouKhY","TYDoxWwQ","0igg587j","5ROBC8QM",70,93.4862525208319,4086
"98","eYA4B4iC",NA,"YyZvyFTy",3.5,24,"wINVDlE4","w15ouKhY","TYDoxWwQ","0igg587j","5ROBC8QM",80,93.3837458607089,4086
"99","eYA4B4iC",NA,"YyZvyFTy",3.5,24,"wINVDlE4","w15ouKhY","TYDoxWwQ","0igg587j","5ROBC8QM",90,93.4574164776624,4086
"100","eYA4B4iC",NA,"YyZvyFTy",3.5,24,"wINVDlE4","w15ouKhY","TYDoxWwQ","0igg587j","5ROBC8QM",100,93.7072643716924,4086
"101","eYA4B4iC",NA,"YyZvyFTy",3.5,24,"wINVDlE4","w15ouKhY","TYDoxWwQ","0igg587j","SKQGslHu",10,99.4514460277047,4090
"102","eYA4B4iC",NA,"YyZvyFTy",3.5,24,"wINVDlE4","w15ouKhY","TYDoxWwQ","0igg587j","SKQGslHu",20,98.1508106664405,4090
"103","eYA4B4iC",NA,"YyZvyFTy",3.5,24,"wINVDlE4","w15ouKhY","TYDoxWwQ","0igg587j","SKQGslHu",30,96.9076051642199,4090
"104","eYA4B4iC",NA,"YyZvyFTy",3.5,24,"wINVDlE4","w15ouKhY","TYDoxWwQ","0igg587j","SKQGslHu",40,95.7218295210428,4090
"105","eYA4B4iC",NA,"YyZvyFTy",3.5,24,"wINVDlE4","w15ouKhY","TYDoxWwQ","0igg587j","SKQGslHu",50,94.5934837369093,4090
"106","eYA4B4iC",NA,"YyZvyFTy",3.5,24,"wINVDlE4","w15ouKhY","TYDoxWwQ","0igg587j","SKQGslHu",60,93.5225678118193,4090
"107","eYA4B4iC",NA,"YyZvyFTy",3.5,24,"wINVDlE4","w15ouKhY","TYDoxWwQ","0igg587j","SKQGslHu",70,92.5090817457729,4090
"108","eYA4B4iC",NA,"YyZvyFTy",3.5,24,"wINVDlE4","w15ouKhY","TYDoxWwQ","0igg587j","SKQGslHu",80,91.55302553877,4090
"109","eYA4B4iC",NA,"YyZvyFTy",3.5,24,"wINVDlE4","w15ouKhY","TYDoxWwQ","0igg587j","SKQGslHu",90,90.6543991908107,4090
"110","eYA4B4iC",NA,"YyZvyFTy",3.5,24,"wINVDlE4","w15ouKhY","TYDoxWwQ","0igg587j","SKQGslHu",100,89.8132027018949,4090
"111","QKZn1yzA",NA,"YyZvyFTy",1,24,"TDInCFgc","jXPRHjvl","gCowzLTF","JS8n0pw8","qlDIDyXU",10,88.603473430078,5115
"112","QKZn1yzA",NA,"YyZvyFTy",1,24,"TDInCFgc","jXPRHjvl","gCowzLTF","JS8n0pw8","qlDIDyXU",20,85.5816164166085,5115
"113","QKZn1yzA",NA,"YyZvyFTy",1,24,"TDInCFgc","jXPRHjvl","gCowzLTF","JS8n0pw8","qlDIDyXU",30,82.0141945730276,5115
"114","QKZn1yzA",NA,"YyZvyFTy",1,24,"TDInCFgc","jXPRHjvl","gCowzLTF","JS8n0pw8","qlDIDyXU",40,77.9012078993353,5115
"115","QKZn1yzA",NA,"YyZvyFTy",1,24,"TDInCFgc","jXPRHjvl","gCowzLTF","JS8n0pw8","qlDIDyXU",50,73.2426563955317,5115
"116","QKZn1yzA",NA,"YyZvyFTy",1,24,"TDInCFgc","jXPRHjvl","gCowzLTF","JS8n0pw8","qlDIDyXU",60,68.0385400616167,5115
"117","QKZn1yzA",NA,"YyZvyFTy",1,24,"TDInCFgc","jXPRHjvl","gCowzLTF","JS8n0pw8","qlDIDyXU",70,62.2888588975903,5115
"118","QKZn1yzA",NA,"YyZvyFTy",1,24,"TDInCFgc","jXPRHjvl","gCowzLTF","JS8n0pw8","qlDIDyXU",80,55.9936129034526,5115
"119","QKZn1yzA",NA,"YyZvyFTy",1,24,"TDInCFgc","jXPRHjvl","gCowzLTF","JS8n0pw8","qlDIDyXU",90,49.1528020792035,5115
"120","QKZn1yzA",NA,"YyZvyFTy",1,24,"TDInCFgc","jXPRHjvl","gCowzLTF","JS8n0pw8","qlDIDyXU",100,41.766426424843,5115
"121","QKZn1yzA",NA,"YyZvyFTy",1.5,24,"wINVDlE4","w15ouKhY","gCowzLTF","x1wzQG48","SKQGslHu",10,100,5141
"122","QKZn1yzA",NA,"YyZvyFTy",1.5,24,"wINVDlE4","w15ouKhY","gCowzLTF","x1wzQG48","SKQGslHu",20,105.836139169473,5141
"123","QKZn1yzA",NA,"YyZvyFTy",1.5,24,"wINVDlE4","w15ouKhY","gCowzLTF","x1wzQG48","SKQGslHu",30,110.213243546577,5141
"124","QKZn1yzA",NA,"YyZvyFTy",1.5,24,"wINVDlE4","w15ouKhY","gCowzLTF","x1wzQG48","SKQGslHu",40,113.131313131313,5141
"125","QKZn1yzA",NA,"YyZvyFTy",1.5,24,"wINVDlE4","w15ouKhY","gCowzLTF","x1wzQG48","SKQGslHu",50,114.590347923681,5141
"126","QKZn1yzA",NA,"YyZvyFTy",1.5,24,"wINVDlE4","w15ouKhY","gCowzLTF","x1wzQG48","SKQGslHu",60,114.590347923681,5141
"127","QKZn1yzA",NA,"YyZvyFTy",1.5,24,"wINVDlE4","w15ouKhY","gCowzLTF","x1wzQG48","SKQGslHu",70,113.131313131313,5141
"128","QKZn1yzA",NA,"YyZvyFTy",1.5,24,"wINVDlE4","w15ouKhY","gCowzLTF","x1wzQG48","SKQGslHu",80,110.213243546577,5141
"129","QKZn1yzA",NA,"YyZvyFTy",1.5,24,"wINVDlE4","w15ouKhY","gCowzLTF","x1wzQG48","SKQGslHu",90,105.836139169473,5141
"130","QKZn1yzA",NA,"YyZvyFTy",1.5,24,"wINVDlE4","w15ouKhY","gCowzLTF","x1wzQG48","SKQGslHu",100,100,5141
"131","QKZn1yzA",NA,"QhvvMEVq",1,24,"wINVDlE4","w15ouKhY","gCowzLTF","CYj01mQk","SKQGslHu",10,96,5143
"132","QKZn1yzA",NA,"QhvvMEVq",1,24,"wINVDlE4","w15ouKhY","gCowzLTF","CYj01mQk","SKQGslHu",20,94.8675645342312,5143
"133","QKZn1yzA",NA,"QhvvMEVq",1,24,"wINVDlE4","w15ouKhY","gCowzLTF","CYj01mQk","SKQGslHu",30,93.712682379349,5143
"134","QKZn1yzA",NA,"QhvvMEVq",1,24,"wINVDlE4","w15ouKhY","gCowzLTF","CYj01mQk","SKQGslHu",40,92.5353535353535,5143
"135","QKZn1yzA",NA,"QhvvMEVq",1,24,"wINVDlE4","w15ouKhY","gCowzLTF","CYj01mQk","SKQGslHu",50,91.3355780022446,5143
"136","QKZn1yzA",NA,"QhvvMEVq",1,24,"wINVDlE4","w15ouKhY","gCowzLTF","CYj01mQk","SKQGslHu",60,90.1133557800224,5143
"137","QKZn1yzA",NA,"QhvvMEVq",1,24,"wINVDlE4","w15ouKhY","gCowzLTF","CYj01mQk","SKQGslHu",70,88.8686868686869,5143
"138","QKZn1yzA",NA,"QhvvMEVq",1,24,"wINVDlE4","w15ouKhY","gCowzLTF","CYj01mQk","SKQGslHu",80,87.6015712682379,5143
"139","QKZn1yzA",NA,"QhvvMEVq",1,24,"wINVDlE4","w15ouKhY","gCowzLTF","CYj01mQk","SKQGslHu",90,86.3120089786756,5143
"140","QKZn1yzA",NA,"QhvvMEVq",1,24,"wINVDlE4","w15ouKhY","gCowzLTF","CYj01mQk","SKQGslHu",100,85,5143
"141","eYA4B4iC","A70g0AFL","1XWHdme1",1,24,"wINVDlE4","w15ouKhY","gAPefpxF","yZzgywzF","5ROBC8QM",10,87.1966996854204,6054
"142","eYA4B4iC","A70g0AFL","1XWHdme1",1,24,"wINVDlE4","w15ouKhY","gAPefpxF","yZzgywzF","5ROBC8QM",20,77.0653361415216,6054
"143","eYA4B4iC","A70g0AFL","1XWHdme1",1,24,"wINVDlE4","w15ouKhY","gAPefpxF","yZzgywzF","5ROBC8QM",30,67.689852825385,6054
"144","eYA4B4iC","A70g0AFL","1XWHdme1",1,24,"wINVDlE4","w15ouKhY","gAPefpxF","yZzgywzF","5ROBC8QM",40,59.0702497370106,6054
"145","eYA4B4iC","A70g0AFL","1XWHdme1",1,24,"wINVDlE4","w15ouKhY","gAPefpxF","yZzgywzF","5ROBC8QM",50,51.2065268763984,6054
"146","eYA4B4iC","A70g0AFL","1XWHdme1",1,24,"wINVDlE4","w15ouKhY","gAPefpxF","yZzgywzF","5ROBC8QM",60,44.0986842435484,6054
"147","eYA4B4iC","A70g0AFL","1XWHdme1",1,24,"wINVDlE4","w15ouKhY","gAPefpxF","yZzgywzF","5ROBC8QM",70,37.7467218384605,6054
"148","eYA4B4iC","A70g0AFL","1XWHdme1",1,24,"wINVDlE4","w15ouKhY","gAPefpxF","yZzgywzF","5ROBC8QM",80,32.1506396611349,6054
"149","eYA4B4iC","A70g0AFL","1XWHdme1",1,24,"wINVDlE4","w15ouKhY","gAPefpxF","yZzgywzF","5ROBC8QM",90,27.3104377115714,6054
"150","eYA4B4iC","A70g0AFL","1XWHdme1",1,24,"wINVDlE4","w15ouKhY","gAPefpxF","yZzgywzF","5ROBC8QM",100,23.2261159897702,6054
"151","eYA4B4iC",NA,"1XWHdme1",1,24,"wINVDlE4","w15ouKhY","gAPefpxF","yZzgywzF","5ROBC8QM",10,84.9850961593187,6055
"152","eYA4B4iC",NA,"1XWHdme1",1,24,"wINVDlE4","w15ouKhY","gAPefpxF","yZzgywzF","5ROBC8QM",20,74.6209316144239,6055
"153","eYA4B4iC",NA,"1XWHdme1",1,24,"wINVDlE4","w15ouKhY","gAPefpxF","yZzgywzF","5ROBC8QM",30,65.0033516446751,6055
"154","eYA4B4iC",NA,"1XWHdme1",1,24,"wINVDlE4","w15ouKhY","gAPefpxF","yZzgywzF","5ROBC8QM",40,56.1323562500722,6055
"155","eYA4B4iC",NA,"1XWHdme1",1,24,"wINVDlE4","w15ouKhY","gAPefpxF","yZzgywzF","5ROBC8QM",50,48.0079454306152,6055
"156","eYA4B4iC",NA,"1XWHdme1",1,24,"wINVDlE4","w15ouKhY","gAPefpxF","yZzgywzF","5ROBC8QM",60,40.6301191863042,6055
"157","eYA4B4iC",NA,"1XWHdme1",1,24,"wINVDlE4","w15ouKhY","gAPefpxF","yZzgywzF","5ROBC8QM",70,33.9988775171391,6055
"158","eYA4B4iC",NA,"1XWHdme1",1,24,"wINVDlE4","w15ouKhY","gAPefpxF","yZzgywzF","5ROBC8QM",80,28.11422042312,6055
"159","eYA4B4iC",NA,"1XWHdme1",1,24,"wINVDlE4","w15ouKhY","gAPefpxF","yZzgywzF","5ROBC8QM",90,22.9761479042467,6055
"160","eYA4B4iC",NA,"1XWHdme1",1,24,"wINVDlE4","w15ouKhY","gAPefpxF","yZzgywzF","5ROBC8QM",100,18.5846599605195,6055
"161","QKZn1yzA",NA,"YyZvyFTy",1,3,"wINVDlE4","w15ouKhY","gAPefpxF","JS8n0pw8","5ROBC8QM",10,91.0337184398782,6068
"162","QKZn1yzA",NA,"YyZvyFTy",1,3,"wINVDlE4","w15ouKhY","gAPefpxF","JS8n0pw8","5ROBC8QM",20,87.0595501788582,6068
"163","QKZn1yzA",NA,"YyZvyFTy",1,3,"wINVDlE4","w15ouKhY","gAPefpxF","JS8n0pw8","5ROBC8QM",30,83.6516575636881,6068
"164","QKZn1yzA",NA,"YyZvyFTy",1,3,"wINVDlE4","w15ouKhY","gAPefpxF","JS8n0pw8","5ROBC8QM",40,80.810040594368,6068
"165","QKZn1yzA",NA,"YyZvyFTy",1,3,"wINVDlE4","w15ouKhY","gAPefpxF","JS8n0pw8","5ROBC8QM",50,78.5346992708977,6068
"166","QKZn1yzA",NA,"YyZvyFTy",1,3,"wINVDlE4","w15ouKhY","gAPefpxF","JS8n0pw8","5ROBC8QM",60,76.8256335932773,6068
"167","QKZn1yzA",NA,"YyZvyFTy",1,3,"wINVDlE4","w15ouKhY","gAPefpxF","JS8n0pw8","5ROBC8QM",70,75.6828435615068,6068
"168","QKZn1yzA",NA,"YyZvyFTy",1,3,"wINVDlE4","w15ouKhY","gAPefpxF","JS8n0pw8","5ROBC8QM",80,75.1063291755862,6068
"169","QKZn1yzA",NA,"YyZvyFTy",1,3,"wINVDlE4","w15ouKhY","gAPefpxF","JS8n0pw8","5ROBC8QM",90,75.0960904355155,6068
"170","QKZn1yzA",NA,"YyZvyFTy",1,3,"wINVDlE4","w15ouKhY","gAPefpxF","JS8n0pw8","5ROBC8QM",100,75.6521273412948,6068
"171","QKZn1yzA",NA,"YyZvyFTy",1,6,"wINVDlE4","w15ouKhY","gAPefpxF","JS8n0pw8","5ROBC8QM",10,86.0084334332766,6069
"172","QKZn1yzA",NA,"YyZvyFTy",1,6,"wINVDlE4","w15ouKhY","gAPefpxF","JS8n0pw8","5ROBC8QM",20,80.7687461068242,6069
"173","QKZn1yzA",NA,"YyZvyFTy",1,6,"wINVDlE4","w15ouKhY","gAPefpxF","JS8n0pw8","5ROBC8QM",30,76.3113298993487,6069
"174","QKZn1yzA",NA,"YyZvyFTy",1,6,"wINVDlE4","w15ouKhY","gAPefpxF","JS8n0pw8","5ROBC8QM",40,72.63618481085,6069
"175","QKZn1yzA",NA,"YyZvyFTy",1,6,"wINVDlE4","w15ouKhY","gAPefpxF","JS8n0pw8","5ROBC8QM",50,69.7433108413282,6069
"176","QKZn1yzA",NA,"YyZvyFTy",1,6,"wINVDlE4","w15ouKhY","gAPefpxF","JS8n0pw8","5ROBC8QM",60,67.6327079907832,6069
"177","QKZn1yzA",NA,"YyZvyFTy",1,6,"wINVDlE4","w15ouKhY","gAPefpxF","JS8n0pw8","5ROBC8QM",70,66.3043762592151,6069
"178","QKZn1yzA",NA,"YyZvyFTy",1,6,"wINVDlE4","w15ouKhY","gAPefpxF","JS8n0pw8","5ROBC8QM",80,65.7583156466239,6069
"179","QKZn1yzA",NA,"YyZvyFTy",1,6,"wINVDlE4","w15ouKhY","gAPefpxF","JS8n0pw8","5ROBC8QM",90,65.9945261530095,6069
"180","QKZn1yzA",NA,"YyZvyFTy",1,6,"wINVDlE4","w15ouKhY","gAPefpxF","JS8n0pw8","5ROBC8QM",100,67.013007778372,6069
"181","QKZn1yzA",NA,"YyZvyFTy",1,24,"wINVDlE4","w15ouKhY","gAPefpxF","JS8n0pw8","5ROBC8QM",10,81.0019139043295,6070
"182","QKZn1yzA",NA,"YyZvyFTy",1,24,"wINVDlE4","w15ouKhY","gAPefpxF","JS8n0pw8","5ROBC8QM",20,74.3113605165137,6070
"183","QKZn1yzA",NA,"YyZvyFTy",1,24,"wINVDlE4","w15ouKhY","gAPefpxF","JS8n0pw8","5ROBC8QM",30,68.719163745033,6070
"184","QKZn1yzA",NA,"YyZvyFTy",1,24,"wINVDlE4","w15ouKhY","gAPefpxF","JS8n0pw8","5ROBC8QM",40,64.2253235898876,6070
"185","QKZn1yzA",NA,"YyZvyFTy",1,24,"wINVDlE4","w15ouKhY","gAPefpxF","JS8n0pw8","5ROBC8QM",50,60.8298400510773,6070
"186","QKZn1yzA",NA,"YyZvyFTy",1,24,"wINVDlE4","w15ouKhY","gAPefpxF","JS8n0pw8","5ROBC8QM",60,58.5327131286023,6070
"187","QKZn1yzA",NA,"YyZvyFTy",1,24,"wINVDlE4","w15ouKhY","gAPefpxF","JS8n0pw8","5ROBC8QM",70,57.3339428224624,6070
"188","QKZn1yzA",NA,"YyZvyFTy",1,24,"wINVDlE4","w15ouKhY","gAPefpxF","JS8n0pw8","5ROBC8QM",80,57.2335291326577,6070
"189","QKZn1yzA",NA,"YyZvyFTy",1,24,"wINVDlE4","w15ouKhY","gAPefpxF","JS8n0pw8","5ROBC8QM",90,58.2314720591883,6070
"190","QKZn1yzA",NA,"YyZvyFTy",1,24,"wINVDlE4","w15ouKhY","gAPefpxF","JS8n0pw8","5ROBC8QM",100,60.327771602054,6070
"191","QKZn1yzA",NA,"YyZvyFTy",1,48,"wINVDlE4","w15ouKhY","gAPefpxF","JS8n0pw8","5ROBC8QM",10,69.4680883228773,6071
"192","QKZn1yzA",NA,"YyZvyFTy",1,48,"wINVDlE4","w15ouKhY","gAPefpxF","JS8n0pw8","5ROBC8QM",20,62.8705909026004,6071
"193","QKZn1yzA",NA,"YyZvyFTy",1,48,"wINVDlE4","w15ouKhY","gAPefpxF","JS8n0pw8","5ROBC8QM",30,57.3588099586774,6071
"194","QKZn1yzA",NA,"YyZvyFTy",1,48,"wINVDlE4","w15ouKhY","gAPefpxF","JS8n0pw8","5ROBC8QM",40,52.9327454911083,6071
"195","QKZn1yzA",NA,"YyZvyFTy",1,48,"wINVDlE4","w15ouKhY","gAPefpxF","JS8n0pw8","5ROBC8QM",50,49.5923974998931,6071
"196","QKZn1yzA",NA,"YyZvyFTy",1,48,"wINVDlE4","w15ouKhY","gAPefpxF","JS8n0pw8","5ROBC8QM",60,47.3377659850317,6071
"197","QKZn1yzA",NA,"YyZvyFTy",1,48,"wINVDlE4","w15ouKhY","gAPefpxF","JS8n0pw8","5ROBC8QM",70,46.1688509465242,6071
"198","QKZn1yzA",NA,"YyZvyFTy",1,48,"wINVDlE4","w15ouKhY","gAPefpxF","JS8n0pw8","5ROBC8QM",80,46.0856523843706,6071
"199","QKZn1yzA",NA,"YyZvyFTy",1,48,"wINVDlE4","w15ouKhY","gAPefpxF","JS8n0pw8","5ROBC8QM",90,47.0881702985709,6071
"200","QKZn1yzA",NA,"YyZvyFTy",1,48,"wINVDlE4","w15ouKhY","gAPefpxF","JS8n0pw8","5ROBC8QM",100,49.176404689125,6071
"201","QKZn1yzA",NA,"YyZvyFTy",1,3,"wINVDlE4","w15ouKhY","gAPefpxF","JS8n0pw8","SKQGslHu",10,100.066719657994,6072
"202","QKZn1yzA",NA,"YyZvyFTy",1,3,"wINVDlE4","w15ouKhY","gAPefpxF","JS8n0pw8","SKQGslHu",20,100.172673259312,6072
"203","QKZn1yzA",NA,"YyZvyFTy",1,3,"wINVDlE4","w15ouKhY","gAPefpxF","JS8n0pw8","SKQGslHu",30,100.170527901202,6072
"204","QKZn1yzA",NA,"YyZvyFTy",1,3,"wINVDlE4","w15ouKhY","gAPefpxF","JS8n0pw8","SKQGslHu",40,100.060283583664,6072
"205","QKZn1yzA",NA,"YyZvyFTy",1,3,"wINVDlE4","w15ouKhY","gAPefpxF","JS8n0pw8","SKQGslHu",50,99.8419403066982,6072
"206","QKZn1yzA",NA,"YyZvyFTy",1,3,"wINVDlE4","w15ouKhY","gAPefpxF","JS8n0pw8","SKQGslHu",60,99.5154980703041,6072
"207","QKZn1yzA",NA,"YyZvyFTy",1,3,"wINVDlE4","w15ouKhY","gAPefpxF","JS8n0pw8","SKQGslHu",70,99.0809568744819,6072
"208","QKZn1yzA",NA,"YyZvyFTy",1,3,"wINVDlE4","w15ouKhY","gAPefpxF","JS8n0pw8","SKQGslHu",80,98.5383167192316,6072
"209","QKZn1yzA",NA,"YyZvyFTy",1,3,"wINVDlE4","w15ouKhY","gAPefpxF","JS8n0pw8","SKQGslHu",90,97.8875776045531,6072
"210","QKZn1yzA",NA,"YyZvyFTy",1,3,"wINVDlE4","w15ouKhY","gAPefpxF","JS8n0pw8","SKQGslHu",100,97.1287395304466,6072
"211","QKZn1yzA",NA,"YyZvyFTy",1,6,"wINVDlE4","w15ouKhY","gAPefpxF","JS8n0pw8","SKQGslHu",10,98.5838833218811,6073
"212","QKZn1yzA",NA,"YyZvyFTy",1,6,"wINVDlE4","w15ouKhY","gAPefpxF","JS8n0pw8","SKQGslHu",20,96.3079573657746,6073
"213","QKZn1yzA",NA,"YyZvyFTy",1,6,"wINVDlE4","w15ouKhY","gAPefpxF","JS8n0pw8","SKQGslHu",30,94.2636726933925,6073
"214","QKZn1yzA",NA,"YyZvyFTy",1,6,"wINVDlE4","w15ouKhY","gAPefpxF","JS8n0pw8","SKQGslHu",40,92.4510293047348,6073
"215","QKZn1yzA",NA,"YyZvyFTy",1,6,"wINVDlE4","w15ouKhY","gAPefpxF","JS8n0pw8","SKQGslHu",50,90.8700271998015,6073
"216","QKZn1yzA",NA,"YyZvyFTy",1,6,"wINVDlE4","w15ouKhY","gAPefpxF","JS8n0pw8","SKQGslHu",60,89.5206663785926,6073
"217","QKZn1yzA",NA,"YyZvyFTy",1,6,"wINVDlE4","w15ouKhY","gAPefpxF","JS8n0pw8","SKQGslHu",70,88.4029468411082,6073
"218","QKZn1yzA",NA,"YyZvyFTy",1,6,"wINVDlE4","w15ouKhY","gAPefpxF","JS8n0pw8","SKQGslHu",80,87.5168685873481,6073
"219","QKZn1yzA",NA,"YyZvyFTy",1,6,"wINVDlE4","w15ouKhY","gAPefpxF","JS8n0pw8","SKQGslHu",90,86.8624316173125,6073
"220","QKZn1yzA",NA,"YyZvyFTy",1,6,"wINVDlE4","w15ouKhY","gAPefpxF","JS8n0pw8","SKQGslHu",100,86.4396359310013,6073
"221","QKZn1yzA",NA,"YyZvyFTy",1,24,"wINVDlE4","w15ouKhY","gAPefpxF","JS8n0pw8","SKQGslHu",10,95.2360656508818,6074
"222","QKZn1yzA",NA,"YyZvyFTy",1,24,"wINVDlE4","w15ouKhY","gAPefpxF","JS8n0pw8","SKQGslHu",20,92.2526374086262,6074
"223","QKZn1yzA",NA,"YyZvyFTy",1,24,"wINVDlE4","w15ouKhY","gAPefpxF","JS8n0pw8","SKQGslHu",30,89.6859911284799,6074
"224","QKZn1yzA",NA,"YyZvyFTy",1,24,"wINVDlE4","w15ouKhY","gAPefpxF","JS8n0pw8","SKQGslHu",40,87.5361268104431,6074
"225","QKZn1yzA",NA,"YyZvyFTy",1,24,"wINVDlE4","w15ouKhY","gAPefpxF","JS8n0pw8","SKQGslHu",50,85.8030444545157,6074
"226","QKZn1yzA",NA,"YyZvyFTy",1,24,"wINVDlE4","w15ouKhY","gAPefpxF","JS8n0pw8","SKQGslHu",60,84.4867440606978,6074
"227","QKZn1yzA",NA,"YyZvyFTy",1,24,"wINVDlE4","w15ouKhY","gAPefpxF","JS8n0pw8","SKQGslHu",70,83.5872256289893,6074
"228","QKZn1yzA",NA,"YyZvyFTy",1,24,"wINVDlE4","w15ouKhY","gAPefpxF","JS8n0pw8","SKQGslHu",80,83.1044891593903,6074
"229","QKZn1yzA",NA,"YyZvyFTy",1,24,"wINVDlE4","w15ouKhY","gAPefpxF","JS8n0pw8","SKQGslHu",90,83.0385346519006,6074
"230","QKZn1yzA",NA,"YyZvyFTy",1,24,"wINVDlE4","w15ouKhY","gAPefpxF","JS8n0pw8","SKQGslHu",100,83.3893621065205,6074
"231","QKZn1yzA",NA,"YyZvyFTy",1,48,"wINVDlE4","w15ouKhY","gAPefpxF","JS8n0pw8","SKQGslHu",10,93.8049229795817,6075
"232","QKZn1yzA",NA,"YyZvyFTy",1,48,"wINVDlE4","w15ouKhY","gAPefpxF","JS8n0pw8","SKQGslHu",20,89.9597399218844,6075
"233","QKZn1yzA",NA,"YyZvyFTy",1,48,"wINVDlE4","w15ouKhY","gAPefpxF","JS8n0pw8","SKQGslHu",30,86.6550725481673,6075
"234","QKZn1yzA",NA,"YyZvyFTy",1,48,"wINVDlE4","w15ouKhY","gAPefpxF","JS8n0pw8","SKQGslHu",40,83.8909208584305,6075
"235","QKZn1yzA",NA,"YyZvyFTy",1,48,"wINVDlE4","w15ouKhY","gAPefpxF","JS8n0pw8","SKQGslHu",50,81.6672848526741,6075
"236","QKZn1yzA",NA,"YyZvyFTy",1,48,"wINVDlE4","w15ouKhY","gAPefpxF","JS8n0pw8","SKQGslHu",60,79.9841645308979,6075
"237","QKZn1yzA",NA,"YyZvyFTy",1,48,"wINVDlE4","w15ouKhY","gAPefpxF","JS8n0pw8","SKQGslHu",70,78.8415598931021,6075
"238","QKZn1yzA",NA,"YyZvyFTy",1,48,"wINVDlE4","w15ouKhY","gAPefpxF","JS8n0pw8","SKQGslHu",80,78.2394709392865,6075
"239","QKZn1yzA",NA,"YyZvyFTy",1,48,"wINVDlE4","w15ouKhY","gAPefpxF","JS8n0pw8","SKQGslHu",90,78.1778976694513,6075
"240","QKZn1yzA",NA,"YyZvyFTy",1,48,"wINVDlE4","w15ouKhY","gAPefpxF","JS8n0pw8","SKQGslHu",100,78.6568400835963,6075
"241","eYA4B4iC",NA,"YyZvyFTy",3.5,3,"wINVDlE4","w15ouKhY","gAPefpxF","GNNjyhr8","5ROBC8QM",10,83.9545544260531,6076
"242","eYA4B4iC",NA,"YyZvyFTy",3.5,3,"wINVDlE4","w15ouKhY","gAPefpxF","GNNjyhr8","5ROBC8QM",20,77.9135364675728,6076
"243","eYA4B4iC",NA,"YyZvyFTy",3.5,3,"wINVDlE4","w15ouKhY","gAPefpxF","GNNjyhr8","5ROBC8QM",30,72.7694667412604,6076
"244","eYA4B4iC",NA,"YyZvyFTy",3.5,3,"wINVDlE4","w15ouKhY","gAPefpxF","GNNjyhr8","5ROBC8QM",40,68.522345247116,6076
"245","eYA4B4iC",NA,"YyZvyFTy",3.5,3,"wINVDlE4","w15ouKhY","gAPefpxF","GNNjyhr8","5ROBC8QM",50,65.1721719851395,6076
"246","eYA4B4iC",NA,"YyZvyFTy",3.5,3,"wINVDlE4","w15ouKhY","gAPefpxF","GNNjyhr8","5ROBC8QM",60,62.7189469553309,6076
"247","eYA4B4iC",NA,"YyZvyFTy",3.5,3,"wINVDlE4","w15ouKhY","gAPefpxF","GNNjyhr8","5ROBC8QM",70,61.1626701576902,6076
"248","eYA4B4iC",NA,"YyZvyFTy",3.5,3,"wINVDlE4","w15ouKhY","gAPefpxF","GNNjyhr8","5ROBC8QM",80,60.5033415922175,6076
"249","eYA4B4iC",NA,"YyZvyFTy",3.5,3,"wINVDlE4","w15ouKhY","gAPefpxF","GNNjyhr8","5ROBC8QM",90,60.7409612589126,6076
"250","eYA4B4iC",NA,"YyZvyFTy",3.5,3,"wINVDlE4","w15ouKhY","gAPefpxF","GNNjyhr8","5ROBC8QM",100,61.8755291577757,6076
"251","eYA4B4iC",NA,"YyZvyFTy",3.5,6,"wINVDlE4","w15ouKhY","gAPefpxF","GNNjyhr8","5ROBC8QM",10,74.9931713794325,6077
"252","eYA4B4iC",NA,"YyZvyFTy",3.5,6,"wINVDlE4","w15ouKhY","gAPefpxF","GNNjyhr8","5ROBC8QM",20,68.9318102080977,6077
"253","eYA4B4iC",NA,"YyZvyFTy",3.5,6,"wINVDlE4","w15ouKhY","gAPefpxF","GNNjyhr8","5ROBC8QM",30,63.8297054560194,6077
"254","eYA4B4iC",NA,"YyZvyFTy",3.5,6,"wINVDlE4","w15ouKhY","gAPefpxF","GNNjyhr8","5ROBC8QM",40,59.6868571231974,6077
"255","eYA4B4iC",NA,"YyZvyFTy",3.5,6,"wINVDlE4","w15ouKhY","gAPefpxF","GNNjyhr8","5ROBC8QM",50,56.5032652096318,6077
"256","eYA4B4iC",NA,"YyZvyFTy",3.5,6,"wINVDlE4","w15ouKhY","gAPefpxF","GNNjyhr8","5ROBC8QM",60,54.2789297153225,6077
"257","eYA4B4iC",NA,"YyZvyFTy",3.5,6,"wINVDlE4","w15ouKhY","gAPefpxF","GNNjyhr8","5ROBC8QM",70,53.0138506402697,6077
"258","eYA4B4iC",NA,"YyZvyFTy",3.5,6,"wINVDlE4","w15ouKhY","gAPefpxF","GNNjyhr8","5ROBC8QM",80,52.7080279844732,6077
"259","eYA4B4iC",NA,"YyZvyFTy",3.5,6,"wINVDlE4","w15ouKhY","gAPefpxF","GNNjyhr8","5ROBC8QM",90,53.3614617479332,6077
"260","eYA4B4iC",NA,"YyZvyFTy",3.5,6,"wINVDlE4","w15ouKhY","gAPefpxF","GNNjyhr8","5ROBC8QM",100,54.9741519306495,6077
"261","eYA4B4iC",NA,"YyZvyFTy",3.5,24,"wINVDlE4","w15ouKhY","gAPefpxF","GNNjyhr8","5ROBC8QM",10,69.9154925143988,6078
"262","eYA4B4iC",NA,"YyZvyFTy",3.5,24,"wINVDlE4","w15ouKhY","gAPefpxF","GNNjyhr8","5ROBC8QM",20,63.4862110573975,6078
"263","eYA4B4iC",NA,"YyZvyFTy",3.5,24,"wINVDlE4","w15ouKhY","gAPefpxF","GNNjyhr8","5ROBC8QM",30,57.9847751986988,6078
"264","eYA4B4iC",NA,"YyZvyFTy",3.5,24,"wINVDlE4","w15ouKhY","gAPefpxF","GNNjyhr8","5ROBC8QM",40,53.4111849383026,6078
"265","eYA4B4iC",NA,"YyZvyFTy",3.5,24,"wINVDlE4","w15ouKhY","gAPefpxF","GNNjyhr8","5ROBC8QM",50,49.7654402762089,6078
"266","eYA4B4iC",NA,"YyZvyFTy",3.5,24,"wINVDlE4","w15ouKhY","gAPefpxF","GNNjyhr8","5ROBC8QM",60,47.0475412124177,6078
"267","eYA4B4iC",NA,"YyZvyFTy",3.5,24,"wINVDlE4","w15ouKhY","gAPefpxF","GNNjyhr8","5ROBC8QM",70,45.2574877469291,6078
"268","eYA4B4iC",NA,"YyZvyFTy",3.5,24,"wINVDlE4","w15ouKhY","gAPefpxF","GNNjyhr8","5ROBC8QM",80,44.395279879743,6078
"269","eYA4B4iC",NA,"YyZvyFTy",3.5,24,"wINVDlE4","w15ouKhY","gAPefpxF","GNNjyhr8","5ROBC8QM",90,44.4609176108594,6078
"270","eYA4B4iC",NA,"YyZvyFTy",3.5,24,"wINVDlE4","w15ouKhY","gAPefpxF","GNNjyhr8","5ROBC8QM",100,45.4544009402783,6078
"271","eYA4B4iC",NA,"YyZvyFTy",3.5,48,"wINVDlE4","w15ouKhY","gAPefpxF","GNNjyhr8","5ROBC8QM",10,60.2815206456131,6079
"272","eYA4B4iC",NA,"YyZvyFTy",3.5,48,"wINVDlE4","w15ouKhY","gAPefpxF","GNNjyhr8","5ROBC8QM",20,53.2590189584555,6079
"273","eYA4B4iC",NA,"YyZvyFTy",3.5,48,"wINVDlE4","w15ouKhY","gAPefpxF","GNNjyhr8","5ROBC8QM",30,47.2889905465365,6079
"274","eYA4B4iC",NA,"YyZvyFTy",3.5,48,"wINVDlE4","w15ouKhY","gAPefpxF","GNNjyhr8","5ROBC8QM",40,42.3714354098561,6079
"275","eYA4B4iC",NA,"YyZvyFTy",3.5,48,"wINVDlE4","w15ouKhY","gAPefpxF","GNNjyhr8","5ROBC8QM",50,38.5063535484142,6079
"276","eYA4B4iC",NA,"YyZvyFTy",3.5,48,"wINVDlE4","w15ouKhY","gAPefpxF","GNNjyhr8","5ROBC8QM",60,35.693744962211,6079
"277","eYA4B4iC",NA,"YyZvyFTy",3.5,48,"wINVDlE4","w15ouKhY","gAPefpxF","GNNjyhr8","5ROBC8QM",70,33.9336096512463,6079
"278","eYA4B4iC",NA,"YyZvyFTy",3.5,48,"wINVDlE4","w15ouKhY","gAPefpxF","GNNjyhr8","5ROBC8QM",80,33.2259476155202,6079
"279","eYA4B4iC",NA,"YyZvyFTy",3.5,48,"wINVDlE4","w15ouKhY","gAPefpxF","GNNjyhr8","5ROBC8QM",90,33.5707588550327,6079
"280","eYA4B4iC",NA,"YyZvyFTy",3.5,48,"wINVDlE4","w15ouKhY","gAPefpxF","GNNjyhr8","5ROBC8QM",100,34.9680433697838,6079
"281","eYA4B4iC",NA,"YyZvyFTy",3.5,3,"wINVDlE4","w15ouKhY","gAPefpxF","GNNjyhr8","SKQGslHu",10,93.3607487281658,6080
"282","eYA4B4iC",NA,"YyZvyFTy",3.5,3,"wINVDlE4","w15ouKhY","gAPefpxF","GNNjyhr8","SKQGslHu",20,91.2036435152841,6080
"283","eYA4B4iC",NA,"YyZvyFTy",3.5,3,"wINVDlE4","w15ouKhY","gAPefpxF","GNNjyhr8","SKQGslHu",30,89.2670538523922,6080
"284","eYA4B4iC",NA,"YyZvyFTy",3.5,3,"wINVDlE4","w15ouKhY","gAPefpxF","GNNjyhr8","SKQGslHu",40,87.5509797394904,6080
"285","eYA4B4iC",NA,"YyZvyFTy",3.5,3,"wINVDlE4","w15ouKhY","gAPefpxF","GNNjyhr8","SKQGslHu",50,86.0554211765785,6080
"286","eYA4B4iC",NA,"YyZvyFTy",3.5,3,"wINVDlE4","w15ouKhY","gAPefpxF","GNNjyhr8","SKQGslHu",60,84.7803781636566,6080
"287","eYA4B4iC",NA,"YyZvyFTy",3.5,3,"wINVDlE4","w15ouKhY","gAPefpxF","GNNjyhr8","SKQGslHu",70,83.7258507007246,6080
"288","eYA4B4iC",NA,"YyZvyFTy",3.5,3,"wINVDlE4","w15ouKhY","gAPefpxF","GNNjyhr8","SKQGslHu",80,82.8918387877826,6080
"289","eYA4B4iC",NA,"YyZvyFTy",3.5,3,"wINVDlE4","w15ouKhY","gAPefpxF","GNNjyhr8","SKQGslHu",90,82.2783424248306,6080
"290","eYA4B4iC",NA,"YyZvyFTy",3.5,3,"wINVDlE4","w15ouKhY","gAPefpxF","GNNjyhr8","SKQGslHu",100,81.8853616118685,6080
"291","eYA4B4iC",NA,"YyZvyFTy",3.5,6,"wINVDlE4","w15ouKhY","gAPefpxF","GNNjyhr8","SKQGslHu",10,88.4377692174657,6081
"292","eYA4B4iC",NA,"YyZvyFTy",3.5,6,"wINVDlE4","w15ouKhY","gAPefpxF","GNNjyhr8","SKQGslHu",20,84.8422614858459,6081
"293","eYA4B4iC",NA,"YyZvyFTy",3.5,6,"wINVDlE4","w15ouKhY","gAPefpxF","GNNjyhr8","SKQGslHu",30,81.6934356657304,6081
"294","eYA4B4iC",NA,"YyZvyFTy",3.5,6,"wINVDlE4","w15ouKhY","gAPefpxF","GNNjyhr8","SKQGslHu",40,78.9912917571193,6081
"295","eYA4B4iC",NA,"YyZvyFTy",3.5,6,"wINVDlE4","w15ouKhY","gAPefpxF","GNNjyhr8","SKQGslHu",50,76.7358297600125,6081
"296","eYA4B4iC",NA,"YyZvyFTy",3.5,6,"wINVDlE4","w15ouKhY","gAPefpxF","GNNjyhr8","SKQGslHu",60,74.9270496744101,6081
"297","eYA4B4iC",NA,"YyZvyFTy",3.5,6,"wINVDlE4","w15ouKhY","gAPefpxF","GNNjyhr8","SKQGslHu",70,73.5649515003121,6081
"298","eYA4B4iC",NA,"YyZvyFTy",3.5,6,"wINVDlE4","w15ouKhY","gAPefpxF","GNNjyhr8","SKQGslHu",80,72.6495352377184,6081
"299","eYA4B4iC",NA,"YyZvyFTy",3.5,6,"wINVDlE4","w15ouKhY","gAPefpxF","GNNjyhr8","SKQGslHu",90,72.1808008866291,6081
"300","eYA4B4iC",NA,"YyZvyFTy",3.5,6,"wINVDlE4","w15ouKhY","gAPefpxF","GNNjyhr8","SKQGslHu",100,72.1587484470442,6081
"301","eYA4B4iC",NA,"YyZvyFTy",3.5,24,"wINVDlE4","w15ouKhY","gAPefpxF","GNNjyhr8","SKQGslHu",10,84.2511528537242,6082
"302","eYA4B4iC",NA,"YyZvyFTy",3.5,24,"wINVDlE4","w15ouKhY","gAPefpxF","GNNjyhr8","SKQGslHu",20,79.2854119584287,6082
"303","eYA4B4iC",NA,"YyZvyFTy",3.5,24,"wINVDlE4","w15ouKhY","gAPefpxF","GNNjyhr8","SKQGslHu",30,75.0825281509939,6082
"304","eYA4B4iC",NA,"YyZvyFTy",3.5,24,"wINVDlE4","w15ouKhY","gAPefpxF","GNNjyhr8","SKQGslHu",40,71.6425014314199,6082
"305","eYA4B4iC",NA,"YyZvyFTy",3.5,24,"wINVDlE4","w15ouKhY","gAPefpxF","GNNjyhr8","SKQGslHu",50,68.9653317997067,6082
"306","eYA4B4iC",NA,"YyZvyFTy",3.5,24,"wINVDlE4","w15ouKhY","gAPefpxF","GNNjyhr8","SKQGslHu",60,67.0510192558542,6082
"307","eYA4B4iC",NA,"YyZvyFTy",3.5,24,"wINVDlE4","w15ouKhY","gAPefpxF","GNNjyhr8","SKQGslHu",70,65.8995637998626,6082
"308","eYA4B4iC",NA,"YyZvyFTy",3.5,24,"wINVDlE4","w15ouKhY","gAPefpxF","GNNjyhr8","SKQGslHu",80,65.5109654317317,6082
"309","eYA4B4iC",NA,"YyZvyFTy",3.5,24,"wINVDlE4","w15ouKhY","gAPefpxF","GNNjyhr8","SKQGslHu",90,65.8852241514616,6082
"310","eYA4B4iC",NA,"YyZvyFTy",3.5,24,"wINVDlE4","w15ouKhY","gAPefpxF","GNNjyhr8","SKQGslHu",100,67.0223399590523,6082
"311","eYA4B4iC",NA,"YyZvyFTy",3.5,48,"wINVDlE4","w15ouKhY","gAPefpxF","GNNjyhr8","SKQGslHu",10,77.9782297597595,6083
"312","eYA4B4iC",NA,"YyZvyFTy",3.5,48,"wINVDlE4","w15ouKhY","gAPefpxF","GNNjyhr8","SKQGslHu",20,72.23463764632,6083
"313","eYA4B4iC",NA,"YyZvyFTy",3.5,48,"wINVDlE4","w15ouKhY","gAPefpxF","GNNjyhr8","SKQGslHu",30,67.3007078950241,6083
"314","eYA4B4iC",NA,"YyZvyFTy",3.5,48,"wINVDlE4","w15ouKhY","gAPefpxF","GNNjyhr8","SKQGslHu",40,63.1764405058721,6083
"315","eYA4B4iC",NA,"YyZvyFTy",3.5,48,"wINVDlE4","w15ouKhY","gAPefpxF","GNNjyhr8","SKQGslHu",50,59.8618354788637,6083
"316","eYA4B4iC",NA,"YyZvyFTy",3.5,48,"wINVDlE4","w15ouKhY","gAPefpxF","GNNjyhr8","SKQGslHu",60,57.3568928139991,6083
"317","eYA4B4iC",NA,"YyZvyFTy",3.5,48,"wINVDlE4","w15ouKhY","gAPefpxF","GNNjyhr8","SKQGslHu",70,55.6616125112782,6083
"318","eYA4B4iC",NA,"YyZvyFTy",3.5,48,"wINVDlE4","w15ouKhY","gAPefpxF","GNNjyhr8","SKQGslHu",80,54.775994570701,6083
"319","eYA4B4iC",NA,"YyZvyFTy",3.5,48,"wINVDlE4","w15ouKhY","gAPefpxF","GNNjyhr8","SKQGslHu",90,54.7000389922675,6083
"320","eYA4B4iC",NA,"YyZvyFTy",3.5,48,"wINVDlE4","w15ouKhY","gAPefpxF","GNNjyhr8","SKQGslHu",100,55.4337457759778,6083
"321","eYA4B4iC",NA,"YyZvyFTy",3.5,3,"wINVDlE4","w15ouKhY","gAPefpxF","0igg587j","5ROBC8QM",10,99.7841225463056,6084
"322","eYA4B4iC",NA,"YyZvyFTy",3.5,3,"wINVDlE4","w15ouKhY","gAPefpxF","0igg587j","5ROBC8QM",20,99.3794506727108,6084
"323","eYA4B4iC",NA,"YyZvyFTy",3.5,3,"wINVDlE4","w15ouKhY","gAPefpxF","0igg587j","5ROBC8QM",30,98.879542267105,6084
"324","eYA4B4iC",NA,"YyZvyFTy",3.5,3,"wINVDlE4","w15ouKhY","gAPefpxF","0igg587j","5ROBC8QM",40,98.284397329488,6084
"325","eYA4B4iC",NA,"YyZvyFTy",3.5,3,"wINVDlE4","w15ouKhY","gAPefpxF","0igg587j","5ROBC8QM",50,97.5940158598599,6084
"326","eYA4B4iC",NA,"YyZvyFTy",3.5,3,"wINVDlE4","w15ouKhY","gAPefpxF","0igg587j","5ROBC8QM",60,96.8083978582206,6084
"327","eYA4B4iC",NA,"YyZvyFTy",3.5,3,"wINVDlE4","w15ouKhY","gAPefpxF","0igg587j","5ROBC8QM",70,95.9275433245702,6084
"328","eYA4B4iC",NA,"YyZvyFTy",3.5,3,"wINVDlE4","w15ouKhY","gAPefpxF","0igg587j","5ROBC8QM",80,94.9514522589087,6084
"329","eYA4B4iC",NA,"YyZvyFTy",3.5,3,"wINVDlE4","w15ouKhY","gAPefpxF","0igg587j","5ROBC8QM",90,93.8801246612361,6084
"330","eYA4B4iC",NA,"YyZvyFTy",3.5,3,"wINVDlE4","w15ouKhY","gAPefpxF","0igg587j","5ROBC8QM",100,92.7135605315523,6084
"331","eYA4B4iC",NA,"YyZvyFTy",3.5,6,"wINVDlE4","w15ouKhY","gAPefpxF","0igg587j","5ROBC8QM",10,98.6423395296209,6085
"332","eYA4B4iC",NA,"YyZvyFTy",3.5,6,"wINVDlE4","w15ouKhY","gAPefpxF","0igg587j","5ROBC8QM",20,96.5920381838988,6085
"333","eYA4B4iC",NA,"YyZvyFTy",3.5,6,"wINVDlE4","w15ouKhY","gAPefpxF","0igg587j","5ROBC8QM",30,94.7790547906516,6085
"334","eYA4B4iC",NA,"YyZvyFTy",3.5,6,"wINVDlE4","w15ouKhY","gAPefpxF","0igg587j","5ROBC8QM",40,93.2033893498792,6085
"335","eYA4B4iC",NA,"YyZvyFTy",3.5,6,"wINVDlE4","w15ouKhY","gAPefpxF","0igg587j","5ROBC8QM",50,91.8650418615817,6085
"336","eYA4B4iC",NA,"YyZvyFTy",3.5,6,"wINVDlE4","w15ouKhY","gAPefpxF","0igg587j","5ROBC8QM",60,90.7640123257591,6085
"337","eYA4B4iC",NA,"YyZvyFTy",3.5,6,"wINVDlE4","w15ouKhY","gAPefpxF","0igg587j","5ROBC8QM",70,89.9003007424113,6085
"338","eYA4B4iC",NA,"YyZvyFTy",3.5,6,"wINVDlE4","w15ouKhY","gAPefpxF","0igg587j","5ROBC8QM",80,89.2739071115385,6085
"339","eYA4B4iC",NA,"YyZvyFTy",3.5,6,"wINVDlE4","w15ouKhY","gAPefpxF","0igg587j","5ROBC8QM",90,88.8848314331405,6085
"340","eYA4B4iC",NA,"YyZvyFTy",3.5,6,"wINVDlE4","w15ouKhY","gAPefpxF","0igg587j","5ROBC8QM",100,88.7330737072174,6085
"341","eYA4B4iC",NA,"YyZvyFTy",3.5,24,"wINVDlE4","w15ouKhY","gAPefpxF","0igg587j","5ROBC8QM",10,97.2707914774504,6086
"342","eYA4B4iC",NA,"YyZvyFTy",3.5,24,"wINVDlE4","w15ouKhY","gAPefpxF","0igg587j","5ROBC8QM",20,94.0169617759921,6086
"343","eYA4B4iC",NA,"YyZvyFTy",3.5,24,"wINVDlE4","w15ouKhY","gAPefpxF","0igg587j","5ROBC8QM",30,91.2336257380619,6086
"344","eYA4B4iC",NA,"YyZvyFTy",3.5,24,"wINVDlE4","w15ouKhY","gAPefpxF","0igg587j","5ROBC8QM",40,88.92078336366,6086
"345","eYA4B4iC",NA,"YyZvyFTy",3.5,24,"wINVDlE4","w15ouKhY","gAPefpxF","0igg587j","5ROBC8QM",50,87.0784346527862,6086
"346","eYA4B4iC",NA,"YyZvyFTy",3.5,24,"wINVDlE4","w15ouKhY","gAPefpxF","0igg587j","5ROBC8QM",60,85.7065796054406,6086
"347","eYA4B4iC",NA,"YyZvyFTy",3.5,24,"wINVDlE4","w15ouKhY","gAPefpxF","0igg587j","5ROBC8QM",70,84.8052182216231,6086
"348","eYA4B4iC",NA,"YyZvyFTy",3.5,24,"wINVDlE4","w15ouKhY","gAPefpxF","0igg587j","5ROBC8QM",80,84.3743505013339,6086
"349","eYA4B4iC",NA,"YyZvyFTy",3.5,24,"wINVDlE4","w15ouKhY","gAPefpxF","0igg587j","5ROBC8QM",90,84.4139764445728,6086
"350","eYA4B4iC",NA,"YyZvyFTy",3.5,24,"wINVDlE4","w15ouKhY","gAPefpxF","0igg587j","5ROBC8QM",100,84.9240960513399,6086
"351","eYA4B4iC",NA,"YyZvyFTy",3.5,48,"wINVDlE4","w15ouKhY","gAPefpxF","0igg587j","5ROBC8QM",10,91.5832562347772,6087
"352","eYA4B4iC",NA,"YyZvyFTy",3.5,48,"wINVDlE4","w15ouKhY","gAPefpxF","0igg587j","5ROBC8QM",20,87.9186265633202,6087
"353","eYA4B4iC",NA,"YyZvyFTy",3.5,48,"wINVDlE4","w15ouKhY","gAPefpxF","0igg587j","5ROBC8QM",30,84.7078995720621,6087
"354","eYA4B4iC",NA,"YyZvyFTy",3.5,48,"wINVDlE4","w15ouKhY","gAPefpxF","0igg587j","5ROBC8QM",40,81.9510752610029,6087
"355","eYA4B4iC",NA,"YyZvyFTy",3.5,48,"wINVDlE4","w15ouKhY","gAPefpxF","0igg587j","5ROBC8QM",50,79.6481536301425,6087
"356","eYA4B4iC",NA,"YyZvyFTy",3.5,48,"wINVDlE4","w15ouKhY","gAPefpxF","0igg587j","5ROBC8QM",60,77.799134679481,6087
"357","eYA4B4iC",NA,"YyZvyFTy",3.5,48,"wINVDlE4","w15ouKhY","gAPefpxF","0igg587j","5ROBC8QM",70,76.4040184090184,6087
"358","eYA4B4iC",NA,"YyZvyFTy",3.5,48,"wINVDlE4","w15ouKhY","gAPefpxF","0igg587j","5ROBC8QM",80,75.4628048187546,6087
"359","eYA4B4iC",NA,"YyZvyFTy",3.5,48,"wINVDlE4","w15ouKhY","gAPefpxF","0igg587j","5ROBC8QM",90,74.9754939086897,6087
"360","eYA4B4iC",NA,"YyZvyFTy",3.5,48,"wINVDlE4","w15ouKhY","gAPefpxF","0igg587j","5ROBC8QM",100,74.9420856788237,6087
"361","eYA4B4iC",NA,"YyZvyFTy",3.5,3,"wINVDlE4","w15ouKhY","gAPefpxF","0igg587j","SKQGslHu",10,100.069054846135,6088
"362","eYA4B4iC",NA,"YyZvyFTy",3.5,3,"wINVDlE4","w15ouKhY","gAPefpxF","0igg587j","SKQGslHu",20,100.178716823698,6088
"363","eYA4B4iC",NA,"YyZvyFTy",3.5,3,"wINVDlE4","w15ouKhY","gAPefpxF","0igg587j","SKQGslHu",30,100.17649637809,6088
"364","eYA4B4iC",NA,"YyZvyFTy",3.5,3,"wINVDlE4","w15ouKhY","gAPefpxF","0igg587j","SKQGslHu",40,100.06239350931,6088
"365","eYA4B4iC",NA,"YyZvyFTy",3.5,3,"wINVDlE4","w15ouKhY","gAPefpxF","0igg587j","SKQGslHu",50,99.8364082173581,6088
"366","eYA4B4iC",NA,"YyZvyFTy",3.5,3,"wINVDlE4","w15ouKhY","gAPefpxF","0igg587j","SKQGslHu",60,99.4985405022343,6088
"367","eYA4B4iC",NA,"YyZvyFTy",3.5,3,"wINVDlE4","w15ouKhY","gAPefpxF","0igg587j","SKQGslHu",70,99.0487903639387,6088
"368","eYA4B4iC",NA,"YyZvyFTy",3.5,3,"wINVDlE4","w15ouKhY","gAPefpxF","0igg587j","SKQGslHu",80,98.4871578024713,6088
"369","eYA4B4iC",NA,"YyZvyFTy",3.5,3,"wINVDlE4","w15ouKhY","gAPefpxF","0igg587j","SKQGslHu",90,97.813642817832,6088
"370","eYA4B4iC",NA,"YyZvyFTy",3.5,3,"wINVDlE4","w15ouKhY","gAPefpxF","0igg587j","SKQGslHu",100,97.0282454100209,6088
"371","eYA4B4iC",NA,"YyZvyFTy",3.5,6,"wINVDlE4","w15ouKhY","gAPefpxF","0igg587j","SKQGslHu",10,99.7784467861674,6089
"372","eYA4B4iC",NA,"YyZvyFTy",3.5,6,"wINVDlE4","w15ouKhY","gAPefpxF","0igg587j","SKQGslHu",20,98.8749037728337,6089
"373","eYA4B4iC",NA,"YyZvyFTy",3.5,6,"wINVDlE4","w15ouKhY","gAPefpxF","0igg587j","SKQGslHu",30,97.9990255999347,6089
"374","eYA4B4iC",NA,"YyZvyFTy",3.5,6,"wINVDlE4","w15ouKhY","gAPefpxF","0igg587j","SKQGslHu",40,97.1508122674704,6089
"375","eYA4B4iC",NA,"YyZvyFTy",3.5,6,"wINVDlE4","w15ouKhY","gAPefpxF","0igg587j","SKQGslHu",50,96.3302637754408,6089
"376","eYA4B4iC",NA,"YyZvyFTy",3.5,6,"wINVDlE4","w15ouKhY","gAPefpxF","0igg587j","SKQGslHu",60,95.537380123846,6089
"377","eYA4B4iC",NA,"YyZvyFTy",3.5,6,"wINVDlE4","w15ouKhY","gAPefpxF","0igg587j","SKQGslHu",70,94.7721613126859,6089
"378","eYA4B4iC",NA,"YyZvyFTy",3.5,6,"wINVDlE4","w15ouKhY","gAPefpxF","0igg587j","SKQGslHu",80,94.0346073419605,6089
"379","eYA4B4iC",NA,"YyZvyFTy",3.5,6,"wINVDlE4","w15ouKhY","gAPefpxF","0igg587j","SKQGslHu",90,93.3247182116698,6089
"380","eYA4B4iC",NA,"YyZvyFTy",3.5,6,"wINVDlE4","w15ouKhY","gAPefpxF","0igg587j","SKQGslHu",100,92.6424939218139,6089
"381","eYA4B4iC",NA,"YyZvyFTy",3.5,24,"wINVDlE4","w15ouKhY","gAPefpxF","0igg587j","SKQGslHu",10,97.4427764706303,6090
"382","eYA4B4iC",NA,"YyZvyFTy",3.5,24,"wINVDlE4","w15ouKhY","gAPefpxF","0igg587j","SKQGslHu",20,95.6687797485271,6090
"383","eYA4B4iC",NA,"YyZvyFTy",3.5,24,"wINVDlE4","w15ouKhY","gAPefpxF","0igg587j","SKQGslHu",30,94.091694270177,6090
"384","eYA4B4iC",NA,"YyZvyFTy",3.5,24,"wINVDlE4","w15ouKhY","gAPefpxF","0igg587j","SKQGslHu",40,92.7115200355802,6090
"385","eYA4B4iC",NA,"YyZvyFTy",3.5,24,"wINVDlE4","w15ouKhY","gAPefpxF","0igg587j","SKQGslHu",50,91.5282570447367,6090
"386","eYA4B4iC",NA,"YyZvyFTy",3.5,24,"wINVDlE4","w15ouKhY","gAPefpxF","0igg587j","SKQGslHu",60,90.5419052976464,6090
"387","eYA4B4iC",NA,"YyZvyFTy",3.5,24,"wINVDlE4","w15ouKhY","gAPefpxF","0igg587j","SKQGslHu",70,89.7524647943093,6090
"388","eYA4B4iC",NA,"YyZvyFTy",3.5,24,"wINVDlE4","w15ouKhY","gAPefpxF","0igg587j","SKQGslHu",80,89.1599355347255,6090
"389","eYA4B4iC",NA,"YyZvyFTy",3.5,24,"wINVDlE4","w15ouKhY","gAPefpxF","0igg587j","SKQGslHu",90,88.764317518895,6090
"390","eYA4B4iC",NA,"YyZvyFTy",3.5,24,"wINVDlE4","w15ouKhY","gAPefpxF","0igg587j","SKQGslHu",100,88.5656107468177,6090
"391","eYA4B4iC",NA,"YyZvyFTy",3.5,48,"wINVDlE4","w15ouKhY","gAPefpxF","0igg587j","SKQGslHu",10,94.3002519303472,6091
"392","eYA4B4iC",NA,"YyZvyFTy",3.5,48,"wINVDlE4","w15ouKhY","gAPefpxF","0igg587j","SKQGslHu",20,92.4457665895079,6091
"393","eYA4B4iC",NA,"YyZvyFTy",3.5,48,"wINVDlE4","w15ouKhY","gAPefpxF","0igg587j","SKQGslHu",30,90.7953002390782,6091
"394","eYA4B4iC",NA,"YyZvyFTy",3.5,48,"wINVDlE4","w15ouKhY","gAPefpxF","0igg587j","SKQGslHu",40,89.3488528790582,6091
"395","eYA4B4iC",NA,"YyZvyFTy",3.5,48,"wINVDlE4","w15ouKhY","gAPefpxF","0igg587j","SKQGslHu",50,88.1064245094478,6091
"396","eYA4B4iC",NA,"YyZvyFTy",3.5,48,"wINVDlE4","w15ouKhY","gAPefpxF","0igg587j","SKQGslHu",60,87.0680151302471,6091
"397","eYA4B4iC",NA,"YyZvyFTy",3.5,48,"wINVDlE4","w15ouKhY","gAPefpxF","0igg587j","SKQGslHu",70,86.233624741456,6091
"398","eYA4B4iC",NA,"YyZvyFTy",3.5,48,"wINVDlE4","w15ouKhY","gAPefpxF","0igg587j","SKQGslHu",80,85.6032533430746,6091
"399","eYA4B4iC",NA,"YyZvyFTy",3.5,48,"wINVDlE4","w15ouKhY","gAPefpxF","0igg587j","SKQGslHu",90,85.1769009351028,6091
"400","eYA4B4iC",NA,"YyZvyFTy",3.5,48,"wINVDlE4","w15ouKhY","gAPefpxF","0igg587j","SKQGslHu",100,84.9545675175407,6091
"401","QKZn1yzA",NA,"YyZvyFTy",1,24,"TDInCFgc","jXPRHjvl","u2kJRT78","JS8n0pw8","qlDIDyXU",10,93.1525025359035,7110
"402","QKZn1yzA",NA,"YyZvyFTy",1,24,"TDInCFgc","jXPRHjvl","u2kJRT78","JS8n0pw8","qlDIDyXU",20,85.6035222845182,7110
"403","QKZn1yzA",NA,"YyZvyFTy",1,24,"TDInCFgc","jXPRHjvl","u2kJRT78","JS8n0pw8","qlDIDyXU",30,78.71066622312,7110
"404","QKZn1yzA",NA,"YyZvyFTy",1,24,"TDInCFgc","jXPRHjvl","u2kJRT78","JS8n0pw8","qlDIDyXU",40,72.473934351709,7110
"405","QKZn1yzA",NA,"YyZvyFTy",1,24,"TDInCFgc","jXPRHjvl","u2kJRT78","JS8n0pw8","qlDIDyXU",50,66.8933266702851,7110
"406","QKZn1yzA",NA,"YyZvyFTy",1,24,"TDInCFgc","jXPRHjvl","u2kJRT78","JS8n0pw8","qlDIDyXU",60,61.9688431788484,7110
"407","QKZn1yzA",NA,"YyZvyFTy",1,24,"TDInCFgc","jXPRHjvl","u2kJRT78","JS8n0pw8","qlDIDyXU",70,57.7004838773987,7110
"408","QKZn1yzA",NA,"YyZvyFTy",1,24,"TDInCFgc","jXPRHjvl","u2kJRT78","JS8n0pw8","qlDIDyXU",80,54.0882487659363,7110
"409","QKZn1yzA",NA,"YyZvyFTy",1,24,"TDInCFgc","jXPRHjvl","u2kJRT78","JS8n0pw8","qlDIDyXU",90,51.1321378444609,7110
"410","QKZn1yzA",NA,"YyZvyFTy",1,24,"TDInCFgc","jXPRHjvl","u2kJRT78","JS8n0pw8","qlDIDyXU",100,48.8321511129728,7110
"411","QKZn1yzA","yHCehlmr","YyZvyFTy",1,24,"TDInCFgc","jXPRHjvl","u2kJRT78","t8x4iOKw","qlDIDyXU",10,99.4266810889559,7111
"412","QKZn1yzA","yHCehlmr","YyZvyFTy",1,24,"TDInCFgc","jXPRHjvl","u2kJRT78","t8x4iOKw","qlDIDyXU",20,99.4540473629689,7111
"413","QKZn1yzA","yHCehlmr","YyZvyFTy",1,24,"TDInCFgc","jXPRHjvl","u2kJRT78","t8x4iOKw","qlDIDyXU",30,99.492605259818,7111
"414","QKZn1yzA","yHCehlmr","YyZvyFTy",1,24,"TDInCFgc","jXPRHjvl","u2kJRT78","t8x4iOKw","qlDIDyXU",40,99.5423547795034,7111
"415","QKZn1yzA","yHCehlmr","YyZvyFTy",1,24,"TDInCFgc","jXPRHjvl","u2kJRT78","t8x4iOKw","qlDIDyXU",50,99.603295922025,7111
"416","QKZn1yzA","yHCehlmr","YyZvyFTy",1,24,"TDInCFgc","jXPRHjvl","u2kJRT78","t8x4iOKw","qlDIDyXU",60,99.6754286873829,7111
"417","QKZn1yzA","yHCehlmr","YyZvyFTy",1,24,"TDInCFgc","jXPRHjvl","u2kJRT78","t8x4iOKw","qlDIDyXU",70,99.758753075577,7111
"418","QKZn1yzA","yHCehlmr","YyZvyFTy",1,24,"TDInCFgc","jXPRHjvl","u2kJRT78","t8x4iOKw","qlDIDyXU",80,99.8532690866073,7111
"419","QKZn1yzA","yHCehlmr","YyZvyFTy",1,24,"TDInCFgc","jXPRHjvl","u2kJRT78","t8x4iOKw","qlDIDyXU",90,99.9589767204738,7111
"420","QKZn1yzA","yHCehlmr","YyZvyFTy",1,24,"TDInCFgc","jXPRHjvl","u2kJRT78","t8x4iOKw","qlDIDyXU",100,100.075875977177,7111
"421","QKZn1yzA","G4AyLuoO","YyZvyFTy",1,24,"TDInCFgc","jXPRHjvl","u2kJRT78","nTfAazPW","qlDIDyXU",10,99.846360237116,7112
"422","QKZn1yzA","G4AyLuoO","YyZvyFTy",1,24,"TDInCFgc","jXPRHjvl","u2kJRT78","nTfAazPW","qlDIDyXU",20,99.9415724312854,7112
"423","QKZn1yzA","G4AyLuoO","YyZvyFTy",1,24,"TDInCFgc","jXPRHjvl","u2kJRT78","nTfAazPW","qlDIDyXU",30,100.016616554659,7112
"424","QKZn1yzA","G4AyLuoO","YyZvyFTy",1,24,"TDInCFgc","jXPRHjvl","u2kJRT78","nTfAazPW","qlDIDyXU",40,100.071492607238,7112
"425","QKZn1yzA","G4AyLuoO","YyZvyFTy",1,24,"TDInCFgc","jXPRHjvl","u2kJRT78","nTfAazPW","qlDIDyXU",50,100.106200589021,7112
"426","QKZn1yzA","G4AyLuoO","YyZvyFTy",1,24,"TDInCFgc","jXPRHjvl","u2kJRT78","nTfAazPW","qlDIDyXU",60,100.120740500009,7112
"427","QKZn1yzA","G4AyLuoO","YyZvyFTy",1,24,"TDInCFgc","jXPRHjvl","u2kJRT78","nTfAazPW","qlDIDyXU",70,100.115112340201,7112
"428","QKZn1yzA","G4AyLuoO","YyZvyFTy",1,24,"TDInCFgc","jXPRHjvl","u2kJRT78","nTfAazPW","qlDIDyXU",80,100.089316109598,7112
"429","QKZn1yzA","G4AyLuoO","YyZvyFTy",1,24,"TDInCFgc","jXPRHjvl","u2kJRT78","nTfAazPW","qlDIDyXU",90,100.043351808199,7112
"430","QKZn1yzA","G4AyLuoO","YyZvyFTy",1,24,"TDInCFgc","jXPRHjvl","u2kJRT78","nTfAazPW","qlDIDyXU",100,99.9772194360052,7112
"431","QKZn1yzA","Uz7EpZDf","YyZvyFTy",1,24,"TDInCFgc","jXPRHjvl","u2kJRT78","5qCzAug7","qlDIDyXU",10,87.0618792244672,7113
"432","QKZn1yzA","Uz7EpZDf","YyZvyFTy",1,24,"TDInCFgc","jXPRHjvl","u2kJRT78","5qCzAug7","qlDIDyXU",20,67.9369579327064,7113
"433","QKZn1yzA","Uz7EpZDf","YyZvyFTy",1,24,"TDInCFgc","jXPRHjvl","u2kJRT78","5qCzAug7","qlDIDyXU",30,51.2641629493007,7113
"434","QKZn1yzA","Uz7EpZDf","YyZvyFTy",1,24,"TDInCFgc","jXPRHjvl","u2kJRT78","5qCzAug7","qlDIDyXU",40,37.0434942742501,7113
"435","QKZn1yzA","Uz7EpZDf","YyZvyFTy",1,24,"TDInCFgc","jXPRHjvl","u2kJRT78","5qCzAug7","qlDIDyXU",50,25.2749519075546,7113
"436","QKZn1yzA","Uz7EpZDf","YyZvyFTy",1,24,"TDInCFgc","jXPRHjvl","u2kJRT78","5qCzAug7","qlDIDyXU",60,15.9585358492142,7113
"437","QKZn1yzA","Uz7EpZDf","YyZvyFTy",1,24,"TDInCFgc","jXPRHjvl","u2kJRT78","5qCzAug7","qlDIDyXU",70,9.09424609922887,7113
"438","QKZn1yzA","Uz7EpZDf","YyZvyFTy",1,24,"TDInCFgc","jXPRHjvl","u2kJRT78","5qCzAug7","qlDIDyXU",80,4.68208265759868,7113
"439","QKZn1yzA","Uz7EpZDf","YyZvyFTy",1,24,"TDInCFgc","jXPRHjvl","u2kJRT78","5qCzAug7","qlDIDyXU",90,2.72204552432356,7113
"440","QKZn1yzA","Uz7EpZDf","YyZvyFTy",1,24,"TDInCFgc","jXPRHjvl","u2kJRT78","5qCzAug7","qlDIDyXU",100,3.21413469940353,7113
"441","QKZn1yzA","A70g0AFL","YyZvyFTy",1,24,"TDInCFgc","jXPRHjvl","u2kJRT78","0zOtfXDE","qlDIDyXU",10,99.6929098701491,7114
"442","QKZn1yzA","A70g0AFL","YyZvyFTy",1,24,"TDInCFgc","jXPRHjvl","u2kJRT78","0zOtfXDE","qlDIDyXU",20,99.715649809863,7114
"443","QKZn1yzA","A70g0AFL","YyZvyFTy",1,24,"TDInCFgc","jXPRHjvl","u2kJRT78","0zOtfXDE","qlDIDyXU",30,99.7425566679064,7114
"444","QKZn1yzA","A70g0AFL","YyZvyFTy",1,24,"TDInCFgc","jXPRHjvl","u2kJRT78","0zOtfXDE","qlDIDyXU",40,99.7736304442791,7114
"445","QKZn1yzA","A70g0AFL","YyZvyFTy",1,24,"TDInCFgc","jXPRHjvl","u2kJRT78","0zOtfXDE","qlDIDyXU",50,99.8088711389813,7114
"446","QKZn1yzA","A70g0AFL","YyZvyFTy",1,24,"TDInCFgc","jXPRHjvl","u2kJRT78","0zOtfXDE","qlDIDyXU",60,99.8482787520129,7114
"447","QKZn1yzA","A70g0AFL","YyZvyFTy",1,24,"TDInCFgc","jXPRHjvl","u2kJRT78","0zOtfXDE","qlDIDyXU",70,99.8918532833739,7114
"448","QKZn1yzA","A70g0AFL","YyZvyFTy",1,24,"TDInCFgc","jXPRHjvl","u2kJRT78","0zOtfXDE","qlDIDyXU",80,99.9395947330643,7114
"449","QKZn1yzA","A70g0AFL","YyZvyFTy",1,24,"TDInCFgc","jXPRHjvl","u2kJRT78","0zOtfXDE","qlDIDyXU",90,99.9915031010841,7114
"450","QKZn1yzA","A70g0AFL","YyZvyFTy",1,24,"TDInCFgc","jXPRHjvl","u2kJRT78","0zOtfXDE","qlDIDyXU",100,100.047578387433,7114
"451","QKZn1yzA",NA,"1XWHdme1",1,6,"TDInCFgc","w15ouKhY","syM1zigH","CqK4tIyT","SKQGslHu",10,98.4818181817921,8030
"452","QKZn1yzA",NA,"1XWHdme1",1,6,"TDInCFgc","w15ouKhY","syM1zigH","CqK4tIyT","SKQGslHu",20,92.7949999992848,8030
"453","QKZn1yzA",NA,"1XWHdme1",1,6,"TDInCFgc","w15ouKhY","syM1zigH","CqK4tIyT","SKQGslHu",30,87.3703030284632,8030
"454","QKZn1yzA",NA,"1XWHdme1",1,6,"TDInCFgc","w15ouKhY","syM1zigH","CqK4tIyT","SKQGslHu",40,82.2077272693273,8030
"455","QKZn1yzA",NA,"1XWHdme1",1,6,"TDInCFgc","w15ouKhY","syM1zigH","CqK4tIyT","SKQGslHu",50,77.307272721877,8030
"456","QKZn1yzA",NA,"1XWHdme1",1,6,"TDInCFgc","w15ouKhY","syM1zigH","CqK4tIyT","SKQGslHu",60,72.6689393861123,8030
"457","QKZn1yzA",NA,"1XWHdme1",1,6,"TDInCFgc","w15ouKhY","syM1zigH","CqK4tIyT","SKQGslHu",70,68.2927272620333,8030
"458","QKZn1yzA",NA,"1XWHdme1",1,6,"TDInCFgc","w15ouKhY","syM1zigH","CqK4tIyT","SKQGslHu",80,64.1786363496399,8030
"459","QKZn1yzA",NA,"1XWHdme1",1,6,"TDInCFgc","w15ouKhY","syM1zigH","CqK4tIyT","SKQGslHu",90,60.3266666489322,8030
"460","QKZn1yzA",NA,"1XWHdme1",1,6,"TDInCFgc","w15ouKhY","syM1zigH","CqK4tIyT","SKQGslHu",100,56.7368181599102,8030
"461","QKZn1yzA",NA,"1XWHdme1",1,6,"TDInCFgc","w15ouKhY","syM1zigH","GbdjGe0y","SKQGslHu",10,101.883090909074,8033
"462","QKZn1yzA",NA,"1XWHdme1",1,6,"TDInCFgc","w15ouKhY","syM1zigH","GbdjGe0y","SKQGslHu",20,88.4879999992765,8033
"463","QKZn1yzA",NA,"1XWHdme1",1,6,"TDInCFgc","w15ouKhY","syM1zigH","GbdjGe0y","SKQGslHu",30,77.1201818163202,8033
"464","QKZn1yzA",NA,"1XWHdme1",1,6,"TDInCFgc","w15ouKhY","syM1zigH","GbdjGe0y","SKQGslHu",40,67.7796363602052,8033
"465","QKZn1yzA",NA,"1XWHdme1",1,6,"TDInCFgc","w15ouKhY","syM1zigH","GbdjGe0y","SKQGslHu",50,60.4663636309313,8033
"466","QKZn1yzA",NA,"1XWHdme1",1,6,"TDInCFgc","w15ouKhY","syM1zigH","GbdjGe0y","SKQGslHu",60,55.1803636284986,8033
"467","QKZn1yzA",NA,"1XWHdme1",1,6,"TDInCFgc","w15ouKhY","syM1zigH","GbdjGe0y","SKQGslHu",70,51.9216363529071,8033
"468","QKZn1yzA",NA,"1XWHdme1",1,6,"TDInCFgc","w15ouKhY","syM1zigH","GbdjGe0y","SKQGslHu",80,50.6901818041569,8033
"469","QKZn1yzA",NA,"1XWHdme1",1,6,"TDInCFgc","w15ouKhY","syM1zigH","GbdjGe0y","SKQGslHu",90,51.4859999822478,8033
"470","QKZn1yzA",NA,"1XWHdme1",1,6,"TDInCFgc","w15ouKhY","syM1zigH","GbdjGe0y","SKQGslHu",100,54.3090908871799,8033
"471","QKZn1yzA",NA,"1XWHdme1",1,6,"TDInCFgc","w15ouKhY","syM1zigH","h2yuSrPE","SKQGslHu",10,93.664727272691,8036
"472","QKZn1yzA",NA,"1XWHdme1",1,6,"TDInCFgc","w15ouKhY","syM1zigH","h2yuSrPE","SKQGslHu",20,78.1174999992531,8036
"473","QKZn1yzA",NA,"1XWHdme1",1,6,"TDInCFgc","w15ouKhY","syM1zigH","h2yuSrPE","SKQGslHu",30,65.0967878768998,8036
"474","QKZn1yzA",NA,"1XWHdme1",1,6,"TDInCFgc","w15ouKhY","syM1zigH","h2yuSrPE","SKQGslHu",40,54.602590905631,8036
"475","QKZn1yzA",NA,"1XWHdme1",1,6,"TDInCFgc","w15ouKhY","syM1zigH","h2yuSrPE","SKQGslHu",50,46.6349090854467,8036
"476","QKZn1yzA",NA,"1XWHdme1",1,6,"TDInCFgc","w15ouKhY","syM1zigH","h2yuSrPE","SKQGslHu",60,41.193742416347,8036
"477","QKZn1yzA",NA,"1XWHdme1",1,6,"TDInCFgc","w15ouKhY","syM1zigH","h2yuSrPE","SKQGslHu",70,38.2790908983319,8036
"478","QKZn1yzA",NA,"1XWHdme1",1,6,"TDInCFgc","w15ouKhY","syM1zigH","h2yuSrPE","SKQGslHu",80,37.8909545314013,8036
"479","QKZn1yzA",NA,"1XWHdme1",1,6,"TDInCFgc","w15ouKhY","syM1zigH","h2yuSrPE","SKQGslHu",90,40.0293333155552,8036
"480","QKZn1yzA",NA,"1XWHdme1",1,6,"TDInCFgc","w15ouKhY","syM1zigH","h2yuSrPE","SKQGslHu",100,44.6942272507938,8036
"481","QKZn1yzA",NA,"YyZvyFTy",1,6,"TDInCFgc","w15ouKhY","syM1zigH","fg8OVq0S","SKQGslHu",10,86.9690909090399,8039
"482","QKZn1yzA",NA,"YyZvyFTy",1,6,"TDInCFgc","w15ouKhY","syM1zigH","fg8OVq0S","SKQGslHu",20,72.2634999992402,8039
"483","QKZn1yzA",NA,"YyZvyFTy",1,6,"TDInCFgc","w15ouKhY","syM1zigH","fg8OVq0S","SKQGslHu",30,59.8668484829489,8039
"484","QKZn1yzA",NA,"YyZvyFTy",1,6,"TDInCFgc","w15ouKhY","syM1zigH","fg8OVq0S","SKQGslHu",40,49.7791363601659,8039
"485","QKZn1yzA",NA,"YyZvyFTy",1,6,"TDInCFgc","w15ouKhY","syM1zigH","fg8OVq0S","SKQGslHu",50,42.0003636308913,8039
"486","QKZn1yzA",NA,"YyZvyFTy",1,6,"TDInCFgc","w15ouKhY","syM1zigH","fg8OVq0S","SKQGslHu",60,36.530530295125,8039
"487","QKZn1yzA",NA,"YyZvyFTy",1,6,"TDInCFgc","w15ouKhY","syM1zigH","fg8OVq0S","SKQGslHu",70,33.3696363528671,8039
"488","QKZn1yzA",NA,"YyZvyFTy",1,6,"TDInCFgc","w15ouKhY","syM1zigH","fg8OVq0S","SKQGslHu",80,32.5176818041176,8039
"489","QKZn1yzA",NA,"YyZvyFTy",1,6,"TDInCFgc","w15ouKhY","syM1zigH","fg8OVq0S","SKQGslHu",90,33.9746666488764,8039
"490","QKZn1yzA",NA,"YyZvyFTy",1,6,"TDInCFgc","w15ouKhY","syM1zigH","fg8OVq0S","SKQGslHu",100,37.7405908871435,8039
"491","QKZn1yzA",NA,"QhvvMEVq",3,6,"TDInCFgc","w15ouKhY","syM1zigH","B0N0gtrC","SKQGslHu",10,100.748727272705,8042
"492","QKZn1yzA",NA,"QhvvMEVq",3,6,"TDInCFgc","w15ouKhY","syM1zigH","B0N0gtrC","SKQGslHu",20,98.1604999992958,8042
"493","QKZn1yzA",NA,"QhvvMEVq",3,6,"TDInCFgc","w15ouKhY","syM1zigH","B0N0gtrC","SKQGslHu",30,95.7987878769661,8042
"494","QKZn1yzA",NA,"QhvvMEVq",3,6,"TDInCFgc","w15ouKhY","syM1zigH","B0N0gtrC","SKQGslHu",40,93.6635909057158,8042
"495","QKZn1yzA",NA,"QhvvMEVq",3,6,"TDInCFgc","w15ouKhY","syM1zigH","B0N0gtrC","SKQGslHu",50,91.7549090855451,8042
"496","QKZn1yzA",NA,"QhvvMEVq",3,6,"TDInCFgc","w15ouKhY","syM1zigH","B0N0gtrC","SKQGslHu",60,90.0727424164537,8042
"497","QKZn1yzA",NA,"QhvvMEVq",3,6,"TDInCFgc","w15ouKhY","syM1zigH","B0N0gtrC","SKQGslHu",70,88.6170908984417,8042
"498","QKZn1yzA",NA,"QhvvMEVq",3,6,"TDInCFgc","w15ouKhY","syM1zigH","B0N0gtrC","SKQGslHu",80,87.3879545315092,8042
"499","QKZn1yzA",NA,"QhvvMEVq",3,6,"TDInCFgc","w15ouKhY","syM1zigH","B0N0gtrC","SKQGslHu",90,86.3853333156562,8042
"500","QKZn1yzA",NA,"QhvvMEVq",3,6,"TDInCFgc","w15ouKhY","syM1zigH","B0N0gtrC","SKQGslHu",100,85.6092272508825,8042
"501","QKZn1yzA",NA,"QhvvMEVq",3,6,"TDInCFgc","w15ouKhY","syM1zigH","qGbWbmxW","SKQGslHu",10,97.9799999999711,8045
"502","QKZn1yzA",NA,"QhvvMEVq",3,6,"TDInCFgc","w15ouKhY","syM1zigH","qGbWbmxW","SKQGslHu",20,97.4429999992939,8045
"503","QKZn1yzA",NA,"QhvvMEVq",3,6,"TDInCFgc","w15ouKhY","syM1zigH","qGbWbmxW","SKQGslHu",30,96.0426666648452,8045
"504","QKZn1yzA",NA,"QhvvMEVq",3,6,"TDInCFgc","w15ouKhY","syM1zigH","qGbWbmxW","SKQGslHu",40,93.7789999966251,8045
"505","QKZn1yzA",NA,"QhvvMEVq",3,6,"TDInCFgc","w15ouKhY","syM1zigH","qGbWbmxW","SKQGslHu",50,90.6519999946335,8045
"506","QKZn1yzA",NA,"QhvvMEVq",3,6,"TDInCFgc","w15ouKhY","syM1zigH","qGbWbmxW","SKQGslHu",60,86.6616666588705,8045
"507","QKZn1yzA",NA,"QhvvMEVq",3,6,"TDInCFgc","w15ouKhY","syM1zigH","qGbWbmxW","SKQGslHu",70,81.8079999893361,8045
"508","QKZn1yzA",NA,"QhvvMEVq",3,6,"TDInCFgc","w15ouKhY","syM1zigH","qGbWbmxW","SKQGslHu",80,76.0909999860302,8045
"509","QKZn1yzA",NA,"QhvvMEVq",3,6,"TDInCFgc","w15ouKhY","syM1zigH","qGbWbmxW","SKQGslHu",90,69.5106666489528,8045
"510","QKZn1yzA",NA,"QhvvMEVq",3,6,"TDInCFgc","w15ouKhY","syM1zigH","qGbWbmxW","SKQGslHu",100,62.0669999781041,8045
"511","QKZn1yzA",NA,"1XWHdme1",3,6,"TDInCFgc","w15ouKhY","syM1zigH","crbKl4mP","SKQGslHu",10,101.52690909089,8048
"512","QKZn1yzA",NA,"1XWHdme1",3,6,"TDInCFgc","w15ouKhY","syM1zigH","crbKl4mP","SKQGslHu",20,91.8404999992834,8048
"513","QKZn1yzA",NA,"1XWHdme1",3,6,"TDInCFgc","w15ouKhY","syM1zigH","crbKl4mP","SKQGslHu",30,82.7268181799691,8048
"514","QKZn1yzA",NA,"1XWHdme1",3,6,"TDInCFgc","w15ouKhY","syM1zigH","crbKl4mP","SKQGslHu",40,74.1858636329472,8048
"515","QKZn1yzA",NA,"1XWHdme1",3,6,"TDInCFgc","w15ouKhY","syM1zigH","crbKl4mP","SKQGslHu",50,66.2176363582177,8048
"516","QKZn1yzA",NA,"1XWHdme1",3,6,"TDInCFgc","w15ouKhY","syM1zigH","crbKl4mP","SKQGslHu",60,58.8221363557806,8048
"517","QKZn1yzA",NA,"1XWHdme1",3,6,"TDInCFgc","w15ouKhY","syM1zigH","crbKl4mP","SKQGslHu",70,51.999363625636,8048
"518","QKZn1yzA",NA,"1XWHdme1",3,6,"TDInCFgc","w15ouKhY","syM1zigH","crbKl4mP","SKQGslHu",80,45.7493181677838,8048
"519","QKZn1yzA",NA,"1XWHdme1",3,6,"TDInCFgc","w15ouKhY","syM1zigH","crbKl4mP","SKQGslHu",90,40.0719999822241,8048
"520","QKZn1yzA",NA,"1XWHdme1",3,6,"TDInCFgc","w15ouKhY","syM1zigH","crbKl4mP","SKQGslHu",100,34.9674090689567,8048
"521","QKZn1yzA",NA,"1XWHdme1",3,6,"TDInCFgc","w15ouKhY","syM1zigH","8fPPL7Vp","SKQGslHu",10,101.965454545437,8051
"522","QKZn1yzA",NA,"1XWHdme1",3,6,"TDInCFgc","w15ouKhY","syM1zigH","8fPPL7Vp","SKQGslHu",20,85.2649999992689,8051
"523","QKZn1yzA",NA,"1XWHdme1",3,6,"TDInCFgc","w15ouKhY","syM1zigH","8fPPL7Vp","SKQGslHu",30,70.9675757557005,8051
"524","QKZn1yzA",NA,"1XWHdme1",3,6,"TDInCFgc","w15ouKhY","syM1zigH","8fPPL7Vp","SKQGslHu",40,59.0731818147316,8051
"525","QKZn1yzA",NA,"1XWHdme1",3,6,"TDInCFgc","w15ouKhY","syM1zigH","8fPPL7Vp","SKQGslHu",50,49.5818181763621,8051
"526","QKZn1yzA",NA,"1XWHdme1",3,6,"TDInCFgc","w15ouKhY","syM1zigH","8fPPL7Vp","SKQGslHu",60,42.4934848405922,8051
"527","QKZn1yzA",NA,"1XWHdme1",3,6,"TDInCFgc","w15ouKhY","syM1zigH","8fPPL7Vp","SKQGslHu",70,37.8081818074217,8051
"528","QKZn1yzA",NA,"1XWHdme1",3,6,"TDInCFgc","w15ouKhY","syM1zigH","8fPPL7Vp","SKQGslHu",80,35.5259090768507,8051
"529","QKZn1yzA",NA,"1XWHdme1",3,6,"TDInCFgc","w15ouKhY","syM1zigH","8fPPL7Vp","SKQGslHu",90,35.6466666488791,8051
"530","QKZn1yzA",NA,"1XWHdme1",3,6,"TDInCFgc","w15ouKhY","syM1zigH","8fPPL7Vp","SKQGslHu",100,38.1704545235071,8051
"531","QKZn1yzA",NA,"QhvvMEVq",2,6,"wINVDlE4","w15ouKhY","Vms3ZUMd","JS8n0pw8","1cY4rFqL",10,95.5,1
"532","QKZn1yzA",NA,"QhvvMEVq",2,6,"wINVDlE4","w15ouKhY","Vms3ZUMd","JS8n0pw8","1cY4rFqL",20,96.5222222222222,1
"533","QKZn1yzA",NA,"QhvvMEVq",2,6,"wINVDlE4","w15ouKhY","Vms3ZUMd","JS8n0pw8","1cY4rFqL",30,97.4222222222222,1
"534","QKZn1yzA",NA,"QhvvMEVq",2,6,"wINVDlE4","w15ouKhY","Vms3ZUMd","JS8n0pw8","1cY4rFqL",40,98.2,1
"535","QKZn1yzA",NA,"QhvvMEVq",2,6,"wINVDlE4","w15ouKhY","Vms3ZUMd","JS8n0pw8","1cY4rFqL",50,98.8555555555556,1
"536","QKZn1yzA",NA,"QhvvMEVq",2,6,"wINVDlE4","w15ouKhY","Vms3ZUMd","JS8n0pw8","1cY4rFqL",60,99.3888888888889,1
"537","QKZn1yzA",NA,"QhvvMEVq",2,6,"wINVDlE4","w15ouKhY","Vms3ZUMd","JS8n0pw8","1cY4rFqL",70,99.8,1
"538","QKZn1yzA",NA,"QhvvMEVq",2,6,"wINVDlE4","w15ouKhY","Vms3ZUMd","JS8n0pw8","1cY4rFqL",80,100.088888888889,1
"539","QKZn1yzA",NA,"QhvvMEVq",2,6,"wINVDlE4","w15ouKhY","Vms3ZUMd","JS8n0pw8","1cY4rFqL",90,100.255555555556,1
"540","QKZn1yzA",NA,"QhvvMEVq",2,6,"wINVDlE4","w15ouKhY","Vms3ZUMd","JS8n0pw8","1cY4rFqL",100,100.3,1
"541","QKZn1yzA",NA,"QhvvMEVq",2,24,"wINVDlE4","w15ouKhY","Vms3ZUMd","JS8n0pw8","1cY4rFqL",10,95.9,2
"542","QKZn1yzA",NA,"QhvvMEVq",2,24,"wINVDlE4","w15ouKhY","Vms3ZUMd","JS8n0pw8","1cY4rFqL",20,96.8144444444444,2
"543","QKZn1yzA",NA,"QhvvMEVq",2,24,"wINVDlE4","w15ouKhY","Vms3ZUMd","JS8n0pw8","1cY4rFqL",30,97.6144444444444,2
"544","QKZn1yzA",NA,"QhvvMEVq",2,24,"wINVDlE4","w15ouKhY","Vms3ZUMd","JS8n0pw8","1cY4rFqL",40,98.3,2
"545","QKZn1yzA",NA,"QhvvMEVq",2,24,"wINVDlE4","w15ouKhY","Vms3ZUMd","JS8n0pw8","1cY4rFqL",50,98.8711111111111,2
"546","QKZn1yzA",NA,"QhvvMEVq",2,24,"wINVDlE4","w15ouKhY","Vms3ZUMd","JS8n0pw8","1cY4rFqL",60,99.3277777777778,2
"547","QKZn1yzA",NA,"QhvvMEVq",2,24,"wINVDlE4","w15ouKhY","Vms3ZUMd","JS8n0pw8","1cY4rFqL",70,99.67,2
"548","QKZn1yzA",NA,"QhvvMEVq",2,24,"wINVDlE4","w15ouKhY","Vms3ZUMd","JS8n0pw8","1cY4rFqL",80,99.8977777777778,2
"549","QKZn1yzA",NA,"QhvvMEVq",2,24,"wINVDlE4","w15ouKhY","Vms3ZUMd","JS8n0pw8","1cY4rFqL",90,100.011111111111,2
"550","QKZn1yzA",NA,"QhvvMEVq",2,24,"wINVDlE4","w15ouKhY","Vms3ZUMd","JS8n0pw8","1cY4rFqL",100,100.01,2
"551","eYA4B4iC",NA,"YyZvyFTy",2,6,"wINVDlE4","w15ouKhY","Vms3ZUMd","IJAAI8wc","1cY4rFqL",10,97.9,3
"552","eYA4B4iC",NA,"YyZvyFTy",2,6,"wINVDlE4","w15ouKhY","Vms3ZUMd","IJAAI8wc","1cY4rFqL",20,98.0511111111111,3
"553","eYA4B4iC",NA,"YyZvyFTy",2,6,"wINVDlE4","w15ouKhY","Vms3ZUMd","IJAAI8wc","1cY4rFqL",30,98.1844444444444,3
"554","eYA4B4iC",NA,"YyZvyFTy",2,6,"wINVDlE4","w15ouKhY","Vms3ZUMd","IJAAI8wc","1cY4rFqL",40,98.3,3
"555","eYA4B4iC",NA,"YyZvyFTy",2,6,"wINVDlE4","w15ouKhY","Vms3ZUMd","IJAAI8wc","1cY4rFqL",50,98.3977777777778,3
"556","eYA4B4iC",NA,"YyZvyFTy",2,6,"wINVDlE4","w15ouKhY","Vms3ZUMd","IJAAI8wc","1cY4rFqL",60,98.4777777777778,3
"557","eYA4B4iC",NA,"YyZvyFTy",2,6,"wINVDlE4","w15ouKhY","Vms3ZUMd","IJAAI8wc","1cY4rFqL",70,98.54,3
"558","eYA4B4iC",NA,"YyZvyFTy",2,6,"wINVDlE4","w15ouKhY","Vms3ZUMd","IJAAI8wc","1cY4rFqL",80,98.5844444444444,3
"559","eYA4B4iC",NA,"YyZvyFTy",2,6,"wINVDlE4","w15ouKhY","Vms3ZUMd","IJAAI8wc","1cY4rFqL",90,98.6111111111111,3
"560","eYA4B4iC",NA,"YyZvyFTy",2,6,"wINVDlE4","w15ouKhY","Vms3ZUMd","IJAAI8wc","1cY4rFqL",100,98.62,3
"561","eYA4B4iC",NA,"YyZvyFTy",2,24,"wINVDlE4","w15ouKhY","Vms3ZUMd","IJAAI8wc","1cY4rFqL",10,98.2,4
"562","eYA4B4iC",NA,"YyZvyFTy",2,24,"wINVDlE4","w15ouKhY","Vms3ZUMd","IJAAI8wc","1cY4rFqL",20,98.2177777777778,4
"563","eYA4B4iC",NA,"YyZvyFTy",2,24,"wINVDlE4","w15ouKhY","Vms3ZUMd","IJAAI8wc","1cY4rFqL",30,98.2177777777778,4
"564","eYA4B4iC",NA,"YyZvyFTy",2,24,"wINVDlE4","w15ouKhY","Vms3ZUMd","IJAAI8wc","1cY4rFqL",40,98.2,4
"565","eYA4B4iC",NA,"YyZvyFTy",2,24,"wINVDlE4","w15ouKhY","Vms3ZUMd","IJAAI8wc","1cY4rFqL",50,98.1644444444445,4
"566","eYA4B4iC",NA,"YyZvyFTy",2,24,"wINVDlE4","w15ouKhY","Vms3ZUMd","IJAAI8wc","1cY4rFqL",60,98.1111111111111,4
"567","eYA4B4iC",NA,"YyZvyFTy",2,24,"wINVDlE4","w15ouKhY","Vms3ZUMd","IJAAI8wc","1cY4rFqL",70,98.04,4
"568","eYA4B4iC",NA,"YyZvyFTy",2,24,"wINVDlE4","w15ouKhY","Vms3ZUMd","IJAAI8wc","1cY4rFqL",80,97.9511111111111,4
"569","eYA4B4iC",NA,"YyZvyFTy",2,24,"wINVDlE4","w15ouKhY","Vms3ZUMd","IJAAI8wc","1cY4rFqL",90,97.8444444444445,4
"570","eYA4B4iC",NA,"YyZvyFTy",2,24,"wINVDlE4","w15ouKhY","Vms3ZUMd","IJAAI8wc","1cY4rFqL",100,97.72,4
"571","EoYncPX1",NA,"QhvvMEVq",5.5,24,"wINVDlE4","w15ouKhY","syM1zigH","EVbUwci8","1cY4rFqL",10,100.000000050638,4027
"572","EoYncPX1",NA,"QhvvMEVq",5.5,24,"wINVDlE4","w15ouKhY","syM1zigH","EVbUwci8","1cY4rFqL",20,100.000000049961,4027
"573","EoYncPX1",NA,"QhvvMEVq",5.5,24,"wINVDlE4","w15ouKhY","syM1zigH","EVbUwci8","1cY4rFqL",30,100.000000048848,4027
"574","EoYncPX1",NA,"QhvvMEVq",5.5,24,"wINVDlE4","w15ouKhY","syM1zigH","EVbUwci8","1cY4rFqL",40,100.000000047298,4027
"575","EoYncPX1",NA,"QhvvMEVq",5.5,24,"wINVDlE4","w15ouKhY","syM1zigH","EVbUwci8","1cY4rFqL",50,100.000000045312,4027
"576","EoYncPX1",NA,"QhvvMEVq",5.5,24,"wINVDlE4","w15ouKhY","syM1zigH","EVbUwci8","1cY4rFqL",60,100.00000004289,4027
"577","EoYncPX1",NA,"QhvvMEVq",5.5,24,"wINVDlE4","w15ouKhY","syM1zigH","EVbUwci8","1cY4rFqL",70,100.000000040031,4027
"578","EoYncPX1",NA,"QhvvMEVq",5.5,24,"wINVDlE4","w15ouKhY","syM1zigH","EVbUwci8","1cY4rFqL",80,100.000000036736,4027
"579","EoYncPX1",NA,"QhvvMEVq",5.5,24,"wINVDlE4","w15ouKhY","syM1zigH","EVbUwci8","1cY4rFqL",90,100.000000033005,4027
"580","EoYncPX1",NA,"QhvvMEVq",5.5,24,"wINVDlE4","w15ouKhY","syM1zigH","EVbUwci8","1cY4rFqL",100,100.000000028838,4027
"581","QKZn1yzA",NA,"QhvvMEVq",1,24,"wINVDlE4","w15ouKhY","syM1zigH","JS8n0pw8","1cY4rFqL",10,93.4282626188173,4029
"582","QKZn1yzA",NA,"QhvvMEVq",1,24,"wINVDlE4","w15ouKhY","syM1zigH","JS8n0pw8","1cY4rFqL",20,85.434397570958,4029
"583","QKZn1yzA",NA,"QhvvMEVq",1,24,"wINVDlE4","w15ouKhY","syM1zigH","JS8n0pw8","1cY4rFqL",30,77.8288086423278,4029
"584","QKZn1yzA",NA,"QhvvMEVq",1,24,"wINVDlE4","w15ouKhY","syM1zigH","JS8n0pw8","1cY4rFqL",40,70.6114958329265,4029
"585","QKZn1yzA",NA,"QhvvMEVq",1,24,"wINVDlE4","w15ouKhY","syM1zigH","JS8n0pw8","1cY4rFqL",50,63.7824591427543,4029
"586","QKZn1yzA",NA,"QhvvMEVq",1,24,"wINVDlE4","w15ouKhY","syM1zigH","JS8n0pw8","1cY4rFqL",60,57.3416985718111,4029
"587","QKZn1yzA",NA,"QhvvMEVq",1,24,"wINVDlE4","w15ouKhY","syM1zigH","JS8n0pw8","1cY4rFqL",70,51.2892141200968,4029
"588","QKZn1yzA",NA,"QhvvMEVq",1,24,"wINVDlE4","w15ouKhY","syM1zigH","JS8n0pw8","1cY4rFqL",80,45.6250057876116,4029
"589","QKZn1yzA",NA,"QhvvMEVq",1,24,"wINVDlE4","w15ouKhY","syM1zigH","JS8n0pw8","1cY4rFqL",90,40.3490735743554,4029
"590","QKZn1yzA",NA,"QhvvMEVq",1,24,"wINVDlE4","w15ouKhY","syM1zigH","JS8n0pw8","1cY4rFqL",100,35.4614174803282,4029
