Smiles,Species,Sex,Tissue,Exposure Concentration (ug/L),Exposure (days),Depuration (days),Mixture,log(BCF) (L/Kg)
C(C(C(F)(F)S(=O)(=O)O)(F)F)(C(F)(F)F)(F)F,Danio rerio,female,plasma,2.51,24.0,24,True,1.6
C(C(C(F)(F)S(=O)(=O)O)(F)F)(C(F)(F)F)(F)F,Danio rerio,female,plasma,17.8,24.0,24,True,1.41
C(C(C(F)(F)S(=O)(=O)O)(F)F)(C(F)(F)F)(F)F,Danio rerio,female,liver,2.51,24.0,24,True,1.24
C(C(C(F)(F)S(=O)(=O)O)(F)F)(C(F)(F)F)(F)F,Danio rerio,female,liver,17.8,24.0,24,True,1.27
C(C(C(F)(F)S(=O)(=O)O)(F)F)(C(F)(F)F)(F)F,Danio rerio,female,muscle,17.8,24.0,24,True,0.66
C(C(C(F)(F)S(=O)(=O)O)(F)F)(C(F)(F)F)(F)F,Danio rerio,female,ovary,2.51,24.0,24,True,1.72
C(C(C(F)(F)S(=O)(=O)O)(F)F)(C(F)(F)F)(F)F,Danio rerio,female,ovary,17.8,24.0,24,True,1.82
C(C(C(F)(F)S(=O)(=O)O)(F)F)(C(F)(F)F)(F)F,Danio rerio,female,whole body,2.51,24.0,24,True,1.29
C(C(C(F)(F)S(=O)(=O)O)(F)F)(C(F)(F)F)(F)F,Danio rerio,female,whole body,17.8,24.0,24,True,1.44
C(C(C(C(F)(F)S(=O)(=O)O)(F)F)(F)F)(C(C(F)(F)F)(F)F)(F)F,Danio rerio,female,plasma,0.69,24.0,24,True,2.94
C(C(C(C(F)(F)S(=O)(=O)O)(F)F)(F)F)(C(C(F)(F)F)(F)F)(F)F,Danio rerio,female,plasma,8.59,24.0,24,True,2.58
C(C(C(C(F)(F)S(=O)(=O)O)(F)F)(F)F)(C(C(F)(F)F)(F)F)(F)F,Danio rerio,female,liver,0.69,24.0,24,True,2.56
C(C(C(C(F)(F)S(=O)(=O)O)(F)F)(F)F)(C(C(F)(F)F)(F)F)(F)F,Danio rerio,female,liver,8.59,24.0,24,True,2.39
C(C(C(C(F)(F)S(=O)(=O)O)(F)F)(F)F)(C(C(F)(F)F)(F)F)(F)F,Danio rerio,female,muscle,0.69,24.0,24,True,1.69
C(C(C(C(F)(F)S(=O)(=O)O)(F)F)(F)F)(C(C(F)(F)F)(F)F)(F)F,Danio rerio,female,muscle,8.59,24.0,24,True,1.56
C(C(C(C(F)(F)S(=O)(=O)O)(F)F)(F)F)(C(C(F)(F)F)(F)F)(F)F,Danio rerio,female,ovary,0.69,24.0,24,True,2.74
C(C(C(C(F)(F)S(=O)(=O)O)(F)F)(F)F)(C(C(F)(F)F)(F)F)(F)F,Danio rerio,female,ovary,8.59,24.0,24,True,2.58
C(C(C(C(F)(F)S(=O)(=O)O)(F)F)(F)F)(C(C(F)(F)F)(F)F)(F)F,Danio rerio,female,whole body,0.69,24.0,24,True,2.4
C(C(C(C(F)(F)S(=O)(=O)O)(F)F)(F)F)(C(C(F)(F)F)(F)F)(F)F,Danio rerio,female,whole body,8.59,24.0,24,True,2.23
C(C(C(C(C(F)(F)S(=O)(=O)O)(F)F)(F)F)(F)F)(C(C(C(F)(F)F)(F)F)(F)F)(F)F,Danio rerio,female,plasma,1.12,24.0,24,True,4.12
C(C(C(C(C(F)(F)S(=O)(=O)O)(F)F)(F)F)(F)F)(C(C(C(F)(F)F)(F)F)(F)F)(F)F,Danio rerio,female,plasma,15.2,24.0,24,True,3.77
C(C(C(C(C(F)(F)S(=O)(=O)O)(F)F)(F)F)(F)F)(C(C(C(F)(F)F)(F)F)(F)F)(F)F,Danio rerio,female,liver,1.12,24.0,24,True,3.64
C(C(C(C(C(F)(F)S(=O)(=O)O)(F)F)(F)F)(F)F)(C(C(C(F)(F)F)(F)F)(F)F)(F)F,Danio rerio,female,liver,15.2,24.0,24,True,3.55
C(C(C(C(C(F)(F)S(=O)(=O)O)(F)F)(F)F)(F)F)(C(C(C(F)(F)F)(F)F)(F)F)(F)F,Danio rerio,female,muscle,1.12,24.0,24,True,2.86
C(C(C(C(C(F)(F)S(=O)(=O)O)(F)F)(F)F)(F)F)(C(C(C(F)(F)F)(F)F)(F)F)(F)F,Danio rerio,female,muscle,15.2,24.0,24,True,2.73
C(C(C(C(C(F)(F)S(=O)(=O)O)(F)F)(F)F)(F)F)(C(C(C(F)(F)F)(F)F)(F)F)(F)F,Danio rerio,female,ovary,1.12,24.0,24,True,3.82
C(C(C(C(C(F)(F)S(=O)(=O)O)(F)F)(F)F)(F)F)(C(C(C(F)(F)F)(F)F)(F)F)(F)F,Danio rerio,female,ovary,15.2,24.0,24,True,3.51
C(C(C(C(C(F)(F)S(=O)(=O)O)(F)F)(F)F)(F)F)(C(C(C(F)(F)F)(F)F)(F)F)(F)F,Danio rerio,female,whole body,1.12,24.0,24,True,3.5
C(C(C(C(C(F)(F)S(=O)(=O)O)(F)F)(F)F)(F)F)(C(C(C(F)(F)F)(F)F)(F)F)(F)F,Danio rerio,female,whole body,15.2,24.0,24,True,3.23
C(=O)(C(C(C(F)(F)F)(F)F)(F)F)O,Danio rerio,female,plasma,1.21,24.0,24,True,2.0
C(=O)(C(C(C(F)(F)F)(F)F)(F)F)O,Danio rerio,female,plasma,6.71,24.0,24,True,1.86
C(=O)(C(C(C(F)(F)F)(F)F)(F)F)O,Danio rerio,female,liver,1.21,24.0,24,True,2.15
C(=O)(C(C(C(F)(F)F)(F)F)(F)F)O,Danio rerio,female,liver,6.71,24.0,24,True,1.8
C(=O)(C(C(C(F)(F)F)(F)F)(F)F)O,Danio rerio,female,muscle,1.21,24.0,24,True,0.44
C(=O)(C(C(C(F)(F)F)(F)F)(F)F)O,Danio rerio,female,muscle,6.71,24.0,24,True,1.05
C(=O)(C(C(C(F)(F)F)(F)F)(F)F)O,Danio rerio,female,ovary,1.21,24.0,24,True,1.06
C(=O)(C(C(C(F)(F)F)(F)F)(F)F)O,Danio rerio,female,ovary,6.71,24.0,24,True,1.3
C(=O)(C(C(C(F)(F)F)(F)F)(F)F)O,Danio rerio,female,whole body,1.21,24.0,24,True,1.12
C(=O)(C(C(C(F)(F)F)(F)F)(F)F)O,Danio rerio,female,whole body,6.71,24.0,24,True,1.24
C(=O)(C(C(C(C(C(F)(F)F)(F)F)(F)F)(F)F)(F)F)O,Danio rerio,female,plasma,1.22,24.0,24,True,1.78
C(=O)(C(C(C(C(C(F)(F)F)(F)F)(F)F)(F)F)(F)F)O,Danio rerio,female,plasma,7.02,24.0,24,True,1.61
C(=O)(C(C(C(C(C(F)(F)F)(F)F)(F)F)(F)F)(F)F)O,Danio rerio,female,liver,1.22,24.0,24,True,1.73
C(=O)(C(C(C(C(C(F)(F)F)(F)F)(F)F)(F)F)(F)F)O,Danio rerio,female,liver,7.02,24.0,24,True,1.7
C(=O)(C(C(C(C(C(F)(F)F)(F)F)(F)F)(F)F)(F)F)O,Danio rerio,female,muscle,1.22,24.0,24,True,0.75
C(=O)(C(C(C(C(C(F)(F)F)(F)F)(F)F)(F)F)(F)F)O,Danio rerio,female,muscle,7.02,24.0,24,True,0.67
C(=O)(C(C(C(C(C(F)(F)F)(F)F)(F)F)(F)F)(F)F)O,Danio rerio,female,ovary,1.22,24.0,24,True,1.02
C(=O)(C(C(C(C(C(F)(F)F)(F)F)(F)F)(F)F)(F)F)O,Danio rerio,female,ovary,7.02,24.0,24,True,1.06
C(=O)(C(C(C(C(C(F)(F)F)(F)F)(F)F)(F)F)(F)F)O,Danio rerio,female,whole body,1.22,24.0,24,True,1.01
C(=O)(C(C(C(C(C(F)(F)F)(F)F)(F)F)(F)F)(F)F)O,Danio rerio,female,whole body,7.02,24.0,24,True,0.98
C(=O)(C(C(C(C(C(C(C(F)(F)F)(F)F)(F)F)(F)F)(F)F)(F)F)(F)F)O,Danio rerio,female,plasma,0.86,24.0,24,True,2.79
C(=O)(C(C(C(C(C(C(C(F)(F)F)(F)F)(F)F)(F)F)(F)F)(F)F)(F)F)O,Danio rerio,female,plasma,6.64,24.0,24,True,2.45
C(=O)(C(C(C(C(C(C(C(F)(F)F)(F)F)(F)F)(F)F)(F)F)(F)F)(F)F)O,Danio rerio,female,liver,0.86,24.0,24,True,2.39
C(=O)(C(C(C(C(C(C(C(F)(F)F)(F)F)(F)F)(F)F)(F)F)(F)F)(F)F)O,Danio rerio,female,liver,6.64,24.0,24,True,2.43
C(=O)(C(C(C(C(C(C(C(F)(F)F)(F)F)(F)F)(F)F)(F)F)(F)F)(F)F)O,Danio rerio,female,muscle,0.86,24.0,24,True,1.52
C(=O)(C(C(C(C(C(C(C(F)(F)F)(F)F)(F)F)(F)F)(F)F)(F)F)(F)F)O,Danio rerio,female,muscle,6.64,24.0,24,True,1.52
C(=O)(C(C(C(C(C(C(C(F)(F)F)(F)F)(F)F)(F)F)(F)F)(F)F)(F)F)O,Danio rerio,female,ovary,0.86,24.0,24,True,2.24
C(=O)(C(C(C(C(C(C(C(F)(F)F)(F)F)(F)F)(F)F)(F)F)(F)F)(F)F)O,Danio rerio,female,ovary,6.64,24.0,24,True,2.02
C(=O)(C(C(C(C(C(C(C(F)(F)F)(F)F)(F)F)(F)F)(F)F)(F)F)(F)F)O,Danio rerio,female,whole body,0.86,24.0,24,True,2.0
C(=O)(C(C(C(C(C(C(C(F)(F)F)(F)F)(F)F)(F)F)(F)F)(F)F)(F)F)O,Danio rerio,female,whole body,6.64,24.0,24,True,1.85
C(=O)(C(C(C(C(C(C(C(C(F)(F)F)(F)F)(F)F)(F)F)(F)F)(F)F)(F)F)(F)F)O,Danio rerio,female,plasma,0.69,24.0,24,True,4.07
C(=O)(C(C(C(C(C(C(C(C(F)(F)F)(F)F)(F)F)(F)F)(F)F)(F)F)(F)F)(F)F)O,Danio rerio,female,plasma,3.63,24.0,24,True,3.97
C(=O)(C(C(C(C(C(C(C(C(F)(F)F)(F)F)(F)F)(F)F)(F)F)(F)F)(F)F)(F)F)O,Danio rerio,female,liver,0.69,24.0,24,True,3.18
C(=O)(C(C(C(C(C(C(C(C(F)(F)F)(F)F)(F)F)(F)F)(F)F)(F)F)(F)F)(F)F)O,Danio rerio,female,liver,3.63,24.0,24,True,3.45
C(=O)(C(C(C(C(C(C(C(C(F)(F)F)(F)F)(F)F)(F)F)(F)F)(F)F)(F)F)(F)F)O,Danio rerio,female,muscle,0.69,24.0,24,True,2.64
C(=O)(C(C(C(C(C(C(C(C(F)(F)F)(F)F)(F)F)(F)F)(F)F)(F)F)(F)F)(F)F)O,Danio rerio,female,muscle,3.63,24.0,24,True,2.85
C(=O)(C(C(C(C(C(C(C(C(F)(F)F)(F)F)(F)F)(F)F)(F)F)(F)F)(F)F)(F)F)O,Danio rerio,female,ovary,0.69,24.0,24,True,3.33
C(=O)(C(C(C(C(C(C(C(C(F)(F)F)(F)F)(F)F)(F)F)(F)F)(F)F)(F)F)(F)F)O,Danio rerio,female,ovary,3.63,24.0,24,True,3.37
C(=O)(C(C(C(C(C(C(C(C(F)(F)F)(F)F)(F)F)(F)F)(F)F)(F)F)(F)F)(F)F)O,Danio rerio,female,whole body,0.69,24.0,24,True,3.08
C(=O)(C(C(C(C(C(C(C(C(F)(F)F)(F)F)(F)F)(F)F)(F)F)(F)F)(F)F)(F)F)O,Danio rerio,female,whole body,3.63,24.0,24,True,3.17
C(=O)(C(C(C(C(C(C(C(C(C(F)(F)F)(F)F)(F)F)(F)F)(F)F)(F)F)(F)F)(F)F)(F)F)O,Danio rerio,female,plasma,1.57,24.0,24,True,4.79
C(=O)(C(C(C(C(C(C(C(C(C(F)(F)F)(F)F)(F)F)(F)F)(F)F)(F)F)(F)F)(F)F)(F)F)O,Danio rerio,female,plasma,3.47,24.0,24,True,5.08
C(=O)(C(C(C(C(C(C(C(C(C(F)(F)F)(F)F)(F)F)(F)F)(F)F)(F)F)(F)F)(F)F)(F)F)O,Danio rerio,female,liver,1.57,24.0,24,True,4.04
C(=O)(C(C(C(C(C(C(C(C(C(F)(F)F)(F)F)(F)F)(F)F)(F)F)(F)F)(F)F)(F)F)(F)F)O,Danio rerio,female,liver,3.47,24.0,24,True,4.36
C(=O)(C(C(C(C(C(C(C(C(C(F)(F)F)(F)F)(F)F)(F)F)(F)F)(F)F)(F)F)(F)F)(F)F)O,Danio rerio,female,muscle,1.57,24.0,24,True,3.41
C(=O)(C(C(C(C(C(C(C(C(C(F)(F)F)(F)F)(F)F)(F)F)(F)F)(F)F)(F)F)(F)F)(F)F)O,Danio rerio,female,muscle,3.47,24.0,24,True,3.79
C(=O)(C(C(C(C(C(C(C(C(C(F)(F)F)(F)F)(F)F)(F)F)(F)F)(F)F)(F)F)(F)F)(F)F)O,Danio rerio,female,ovary,1.57,24.0,24,True,4.0
C(=O)(C(C(C(C(C(C(C(C(C(F)(F)F)(F)F)(F)F)(F)F)(F)F)(F)F)(F)F)(F)F)(F)F)O,Danio rerio,female,ovary,3.47,24.0,24,True,3.99
C(=O)(C(C(C(C(C(C(C(C(C(F)(F)F)(F)F)(F)F)(F)F)(F)F)(F)F)(F)F)(F)F)(F)F)O,Danio rerio,female,whole body,1.57,24.0,24,True,3.79
C(=O)(C(C(C(C(C(C(C(C(C(F)(F)F)(F)F)(F)F)(F)F)(F)F)(F)F)(F)F)(F)F)(F)F)O,Danio rerio,female,whole body,3.47,24.0,24,True,3.97
C(=O)(C(C(C(C(C(C(C(C(C(C(F)(F)F)(F)F)(F)F)(F)F)(F)F)(F)F)(F)F)(F)F)(F)F)(F)F)O,Danio rerio,female,plasma,2.03,24.0,24,True,5.03
C(=O)(C(C(C(C(C(C(C(C(C(C(F)(F)F)(F)F)(F)F)(F)F)(F)F)(F)F)(F)F)(F)F)(F)F)(F)F)O,Danio rerio,female,plasma,14.8,24.0,24,True,4.76
C(=O)(C(C(C(C(C(C(C(C(C(C(F)(F)F)(F)F)(F)F)(F)F)(F)F)(F)F)(F)F)(F)F)(F)F)(F)F)O,Danio rerio,female,liver,2.03,24.0,24,True,4.14
C(=O)(C(C(C(C(C(C(C(C(C(C(F)(F)F)(F)F)(F)F)(F)F)(F)F)(F)F)(F)F)(F)F)(F)F)(F)F)O,Danio rerio,female,liver,14.8,24.0,24,True,4.14
C(=O)(C(C(C(C(C(C(C(C(C(C(F)(F)F)(F)F)(F)F)(F)F)(F)F)(F)F)(F)F)(F)F)(F)F)(F)F)O,Danio rerio,female,muscle,2.03,24.0,24,True,3.64
C(=O)(C(C(C(C(C(C(C(C(C(C(F)(F)F)(F)F)(F)F)(F)F)(F)F)(F)F)(F)F)(F)F)(F)F)(F)F)O,Danio rerio,female,muscle,14.8,24.0,24,True,3.63
C(=O)(C(C(C(C(C(C(C(C(C(C(F)(F)F)(F)F)(F)F)(F)F)(F)F)(F)F)(F)F)(F)F)(F)F)(F)F)O,Danio rerio,female,ovary,2.03,24.0,24,True,4.31
C(=O)(C(C(C(C(C(C(C(C(C(C(F)(F)F)(F)F)(F)F)(F)F)(F)F)(F)F)(F)F)(F)F)(F)F)(F)F)O,Danio rerio,female,ovary,14.8,24.0,24,True,3.81
C(=O)(C(C(C(C(C(C(C(C(C(C(F)(F)F)(F)F)(F)F)(F)F)(F)F)(F)F)(F)F)(F)F)(F)F)(F)F)O,Danio rerio,female,whole body,2.03,24.0,24,True,4.06
C(=O)(C(C(C(C(C(C(C(C(C(C(F)(F)F)(F)F)(F)F)(F)F)(F)F)(F)F)(F)F)(F)F)(F)F)(F)F)O,Danio rerio,female,whole body,14.8,24.0,24,True,3.78
C(=O)(C(C(C(C(C(C(C(C(C(C(C(F)(F)F)(F)F)(F)F)(F)F)(F)F)(F)F)(F)F)(F)F)(F)F)(F)F)(F)F)O,Danio rerio,female,plasma,1.79,24.0,24,True,5.32
C(=O)(C(C(C(C(C(C(C(C(C(C(C(F)(F)F)(F)F)(F)F)(F)F)(F)F)(F)F)(F)F)(F)F)(F)F)(F)F)(F)F)O,Danio rerio,female,plasma,11.6,24.0,24,True,4.91
C(=O)(C(C(C(C(C(C(C(C(C(C(C(F)(F)F)(F)F)(F)F)(F)F)(F)F)(F)F)(F)F)(F)F)(F)F)(F)F)(F)F)O,Danio rerio,female,liver,1.79,24.0,24,True,4.95
C(=O)(C(C(C(C(C(C(C(C(C(C(C(F)(F)F)(F)F)(F)F)(F)F)(F)F)(F)F)(F)F)(F)F)(F)F)(F)F)(F)F)O,Danio rerio,female,liver,11.6,24.0,24,True,4.66
C(=O)(C(C(C(C(C(C(C(C(C(C(C(F)(F)F)(F)F)(F)F)(F)F)(F)F)(F)F)(F)F)(F)F)(F)F)(F)F)(F)F)O,Danio rerio,female,muscle,1.79,24.0,24,True,3.77
C(=O)(C(C(C(C(C(C(C(C(C(C(C(F)(F)F)(F)F)(F)F)(F)F)(F)F)(F)F)(F)F)(F)F)(F)F)(F)F)(F)F)O,Danio rerio,female,muscle,11.6,24.0,24,True,3.66
C(=O)(C(C(C(C(C(C(C(C(C(C(C(F)(F)F)(F)F)(F)F)(F)F)(F)F)(F)F)(F)F)(F)F)(F)F)(F)F)(F)F)O,Danio rerio,female,ovary,1.79,24.0,24,True,4.33
C(=O)(C(C(C(C(C(C(C(C(C(C(C(F)(F)F)(F)F)(F)F)(F)F)(F)F)(F)F)(F)F)(F)F)(F)F)(F)F)(F)F)O,Danio rerio,female,ovary,11.6,24.0,24,True,3.65
C(=O)(C(C(C(C(C(C(C(C(C(C(C(F)(F)F)(F)F)(F)F)(F)F)(F)F)(F)F)(F)F)(F)F)(F)F)(F)F)(F)F)O,Danio rerio,female,whole body,1.79,24.0,24,True,4.24
C(=O)(C(C(C(C(C(C(C(C(C(C(C(F)(F)F)(F)F)(F)F)(F)F)(F)F)(F)F)(F)F)(F)F)(F)F)(F)F)(F)F)O,Danio rerio,female,whole body,11.6,24.0,24,True,3.86
C(=O)(C(C(C(C(C(C(C(C(C(C(C(C(F)(F)F)(F)F)(F)F)(F)F)(F)F)(F)F)(F)F)(F)F)(F)F)(F)F)(F)F)(F)F)O,Danio rerio,female,plasma,0.73,24.0,24,True,5.65
C(=O)(C(C(C(C(C(C(C(C(C(C(C(C(F)(F)F)(F)F)(F)F)(F)F)(F)F)(F)F)(F)F)(F)F)(F)F)(F)F)(F)F)(F)F)O,Danio rerio,female,plasma,8.87,24.0,24,True,5.09
C(=O)(C(C(C(C(C(C(C(C(C(C(C(C(F)(F)F)(F)F)(F)F)(F)F)(F)F)(F)F)(F)F)(F)F)(F)F)(F)F)(F)F)(F)F)O,Danio rerio,female,liver,0.73,24.0,24,True,5.02
C(=O)(C(C(C(C(C(C(C(C(C(C(C(C(F)(F)F)(F)F)(F)F)(F)F)(F)F)(F)F)(F)F)(F)F)(F)F)(F)F)(F)F)(F)F)O,Danio rerio,female,liver,8.87,24.0,24,True,4.45
C(=O)(C(C(C(C(C(C(C(C(C(C(C(C(F)(F)F)(F)F)(F)F)(F)F)(F)F)(F)F)(F)F)(F)F)(F)F)(F)F)(F)F)(F)F)O,Danio rerio,female,muscle,0.73,24.0,24,True,4.28
C(=O)(C(C(C(C(C(C(C(C(C(C(C(C(F)(F)F)(F)F)(F)F)(F)F)(F)F)(F)F)(F)F)(F)F)(F)F)(F)F)(F)F)(F)F)O,Danio rerio,female,muscle,8.87,24.0,24,True,3.91
C(=O)(C(C(C(C(C(C(C(C(C(C(C(C(F)(F)F)(F)F)(F)F)(F)F)(F)F)(F)F)(F)F)(F)F)(F)F)(F)F)(F)F)(F)F)O,Danio rerio,female,ovary,0.73,24.0,24,True,4.84
C(=O)(C(C(C(C(C(C(C(C(C(C(C(C(F)(F)F)(F)F)(F)F)(F)F)(F)F)(F)F)(F)F)(F)F)(F)F)(F)F)(F)F)(F)F)O,Danio rerio,female,ovary,8.87,24.0,24,True,3.91
C(=O)(C(C(C(C(C(C(C(C(C(C(C(C(F)(F)F)(F)F)(F)F)(F)F)(F)F)(F)F)(F)F)(F)F)(F)F)(F)F)(F)F)(F)F)O,Danio rerio,female,whole body,0.73,24.0,24,True,4.66
C(=O)(C(C(C(C(C(C(C(C(C(C(C(C(F)(F)F)(F)F)(F)F)(F)F)(F)F)(F)F)(F)F)(F)F)(F)F)(F)F)(F)F)(F)F)O,Danio rerio,female,whole body,8.87,24.0,24,True,4.01
C(=O)(C(C(C(C(C(C(C(C(C(C(C(C(C(F)(F)F)(F)F)(F)F)(F)F)(F)F)(F)F)(F)F)(F)F)(F)F)(F)F)(F)F)(F)F)(F)F)O,Danio rerio,female,plasma,0.15,24.0,24,True,6.46
C(=O)(C(C(C(C(C(C(C(C(C(C(C(C(C(F)(F)F)(F)F)(F)F)(F)F)(F)F)(F)F)(F)F)(F)F)(F)F)(F)F)(F)F)(F)F)(F)F)O,Danio rerio,female,plasma,3.0,24.0,24,True,5.79
C(=O)(C(C(C(C(C(C(C(C(C(C(C(C(C(F)(F)F)(F)F)(F)F)(F)F)(F)F)(F)F)(F)F)(F)F)(F)F)(F)F)(F)F)(F)F)(F)F)O,Danio rerio,female,liver,0.15,24.0,24,True,5.56
C(=O)(C(C(C(C(C(C(C(C(C(C(C(C(C(F)(F)F)(F)F)(F)F)(F)F)(F)F)(F)F)(F)F)(F)F)(F)F)(F)F)(F)F)(F)F)(F)F)O,Danio rerio,female,liver,3.0,24.0,24,True,4.74
C(=O)(C(C(C(C(C(C(C(C(C(C(C(C(C(F)(F)F)(F)F)(F)F)(F)F)(F)F)(F)F)(F)F)(F)F)(F)F)(F)F)(F)F)(F)F)(F)F)O,Danio rerio,female,muscle,0.15,24.0,24,True,5.22
C(=O)(C(C(C(C(C(C(C(C(C(C(C(C(C(F)(F)F)(F)F)(F)F)(F)F)(F)F)(F)F)(F)F)(F)F)(F)F)(F)F)(F)F)(F)F)(F)F)O,Danio rerio,female,muscle,3.0,24.0,24,True,4.52
C(=O)(C(C(C(C(C(C(C(C(C(C(C(C(C(F)(F)F)(F)F)(F)F)(F)F)(F)F)(F)F)(F)F)(F)F)(F)F)(F)F)(F)F)(F)F)(F)F)O,Danio rerio,female,ovary,0.15,24.0,24,True,5.5
C(=O)(C(C(C(C(C(C(C(C(C(C(C(C(C(F)(F)F)(F)F)(F)F)(F)F)(F)F)(F)F)(F)F)(F)F)(F)F)(F)F)(F)F)(F)F)(F)F)O,Danio rerio,female,ovary,3.0,24.0,24,True,4.34
C(=O)(C(C(C(C(C(C(C(C(C(C(C(C(C(F)(F)F)(F)F)(F)F)(F)F)(F)F)(F)F)(F)F)(F)F)(F)F)(F)F)(F)F)(F)F)(F)F)O,Danio rerio,female,whole body,0.15,24.0,24,True,5.41
C(=O)(C(C(C(C(C(C(C(C(C(C(C(C(C(F)(F)F)(F)F)(F)F)(F)F)(F)F)(F)F)(F)F)(F)F)(F)F)(F)F)(F)F)(F)F)(F)F)O,Danio rerio,female,whole body,3.0,24.0,24,True,4.56
C(C(C(C(F)(F)P(=O)(O)O)(F)F)(F)F)(C(C(F)(F)F)(F)F)(F)F,Danio rerio,female,plasma,4.52,24.0,24,True,1.48
C(C(C(C(F)(F)P(=O)(O)O)(F)F)(F)F)(C(C(F)(F)F)(F)F)(F)F,Danio rerio,female,plasma,4.39,24.0,24,True,2.06
C(C(C(C(F)(F)P(=O)(O)O)(F)F)(F)F)(C(C(F)(F)F)(F)F)(F)F,Danio rerio,female,liver,4.52,24.0,24,True,2.05
C(C(C(C(F)(F)P(=O)(O)O)(F)F)(F)F)(C(C(F)(F)F)(F)F)(F)F,Danio rerio,female,liver,4.39,24.0,24,True,2.58
C(C(C(C(F)(F)P(=O)(O)O)(F)F)(F)F)(C(C(F)(F)F)(F)F)(F)F,Danio rerio,female,muscle,4.52,24.0,24,True,0.48
C(C(C(C(F)(F)P(=O)(O)O)(F)F)(F)F)(C(C(F)(F)F)(F)F)(F)F,Danio rerio,female,muscle,4.39,24.0,24,True,1.1
C(C(C(C(F)(F)P(=O)(O)O)(F)F)(F)F)(C(C(F)(F)F)(F)F)(F)F,Danio rerio,female,ovary,4.52,24.0,24,True,1.41
C(C(C(C(F)(F)P(=O)(O)O)(F)F)(F)F)(C(C(F)(F)F)(F)F)(F)F,Danio rerio,female,ovary,4.39,24.0,24,True,1.86
C(C(C(C(F)(F)P(=O)(O)O)(F)F)(F)F)(C(C(F)(F)F)(F)F)(F)F,Danio rerio,female,whole body,4.52,24.0,24,True,1.21
C(C(C(C(F)(F)P(=O)(O)O)(F)F)(F)F)(C(C(F)(F)F)(F)F)(F)F,Danio rerio,female,whole body,4.39,24.0,24,True,1.72
C(C(C(C(C(F)(F)P(=O)(O)O)(F)F)(F)F)(F)F)(C(C(C(F)(F)F)(F)F)(F)F)(F)F,Danio rerio,female,plasma,1.61,24.0,24,True,2.09
C(C(C(C(C(F)(F)P(=O)(O)O)(F)F)(F)F)(F)F)(C(C(C(F)(F)F)(F)F)(F)F)(F)F,Danio rerio,female,plasma,6.46,24.0,24,True,1.9
C(C(C(C(C(F)(F)P(=O)(O)O)(F)F)(F)F)(F)F)(C(C(C(F)(F)F)(F)F)(F)F)(F)F,Danio rerio,female,liver,1.61,24.0,24,True,2.78
C(C(C(C(C(F)(F)P(=O)(O)O)(F)F)(F)F)(F)F)(C(C(C(F)(F)F)(F)F)(F)F)(F)F,Danio rerio,female,liver,6.46,24.0,24,True,2.53
C(C(C(C(C(F)(F)P(=O)(O)O)(F)F)(F)F)(F)F)(C(C(C(F)(F)F)(F)F)(F)F)(F)F,Danio rerio,female,muscle,1.61,24.0,24,True,2.83
C(C(C(C(C(F)(F)P(=O)(O)O)(F)F)(F)F)(F)F)(C(C(C(F)(F)F)(F)F)(F)F)(F)F,Danio rerio,female,muscle,6.46,24.0,24,True,1.66
C(C(C(C(C(F)(F)P(=O)(O)O)(F)F)(F)F)(F)F)(C(C(C(F)(F)F)(F)F)(F)F)(F)F,Danio rerio,female,ovary,1.61,24.0,24,True,1.97
C(C(C(C(C(F)(F)P(=O)(O)O)(F)F)(F)F)(F)F)(C(C(C(F)(F)F)(F)F)(F)F)(F)F,Danio rerio,female,ovary,6.46,24.0,24,True,1.83
C(C(C(C(C(F)(F)P(=O)(O)O)(F)F)(F)F)(F)F)(C(C(C(F)(F)F)(F)F)(F)F)(F)F,Danio rerio,female,whole body,1.61,24.0,24,True,2.01
C(C(C(C(C(F)(F)P(=O)(O)O)(F)F)(F)F)(F)F)(C(C(C(F)(F)F)(F)F)(F)F)(F)F,Danio rerio,female,whole body,6.46,24.0,24,True,1.83
C(C(C(C(C(C(F)(F)P(=O)(O)O)(F)F)(F)F)(F)F)(F)F)(C(C(C(C(F)(F)F)(F)F)(F)F)(F)F)(F)F,Danio rerio,female,plasma,0.66,24.0,24,True,1.83
C(C(C(C(C(C(F)(F)P(=O)(O)O)(F)F)(F)F)(F)F)(F)F)(C(C(C(C(F)(F)F)(F)F)(F)F)(F)F)(F)F,Danio rerio,female,plasma,4.179,24.0,24,True,1.64
C(C(C(C(C(C(F)(F)P(=O)(O)O)(F)F)(F)F)(F)F)(F)F)(C(C(C(C(F)(F)F)(F)F)(F)F)(F)F)(F)F,Danio rerio,female,liver,0.66,24.0,24,True,3.15
C(C(C(C(C(C(F)(F)P(=O)(O)O)(F)F)(F)F)(F)F)(F)F)(C(C(C(C(F)(F)F)(F)F)(F)F)(F)F)(F)F,Danio rerio,female,liver,4.179,24.0,24,True,2.89
C(C(C(C(C(C(F)(F)P(=O)(O)O)(F)F)(F)F)(F)F)(F)F)(C(C(C(C(F)(F)F)(F)F)(F)F)(F)F)(F)F,Danio rerio,female,muscle,0.66,24.0,24,True,1.9
C(C(C(C(C(C(F)(F)P(=O)(O)O)(F)F)(F)F)(F)F)(F)F)(C(C(C(C(F)(F)F)(F)F)(F)F)(F)F)(F)F,Danio rerio,female,muscle,4.179,24.0,24,True,1.84
C(C(C(C(C(C(F)(F)P(=O)(O)O)(F)F)(F)F)(F)F)(F)F)(C(C(C(C(F)(F)F)(F)F)(F)F)(F)F)(F)F,Danio rerio,female,ovary,0.66,24.0,24,True,2.39
C(C(C(C(C(C(F)(F)P(=O)(O)O)(F)F)(F)F)(F)F)(F)F)(C(C(C(C(F)(F)F)(F)F)(F)F)(F)F)(F)F,Danio rerio,female,ovary,4.179,24.0,24,True,2.2
C(C(C(C(C(C(F)(F)P(=O)(O)O)(F)F)(F)F)(F)F)(F)F)(C(C(C(C(F)(F)F)(F)F)(F)F)(F)F)(F)F,Danio rerio,female,whole body,0.66,24.0,24,True,2.3
C(C(C(C(C(C(F)(F)P(=O)(O)O)(F)F)(F)F)(F)F)(F)F)(C(C(C(C(F)(F)F)(F)F)(F)F)(F)F)(F)F,Danio rerio,female,whole body,4.179,24.0,24,True,2.12
C(C(C(C(F)(F)P(=O)(C(C(C(C(C(C(F)(F)F)(F)F)(F)F)(F)F)(F)F)(F)F)O)(F)F)(F)F)(C(C(F)(F)F)(F)F)(F)F,Danio rerio,female,plasma,0.22,24.0,24,True,6.71
C(C(C(C(F)(F)P(=O)(C(C(C(C(C(C(F)(F)F)(F)F)(F)F)(F)F)(F)F)(F)F)O)(F)F)(F)F)(C(C(F)(F)F)(F)F)(F)F,Danio rerio,female,plasma,5.11,24.0,24,True,5.95
C(C(C(C(F)(F)P(=O)(C(C(C(C(C(C(F)(F)F)(F)F)(F)F)(F)F)(F)F)(F)F)O)(F)F)(F)F)(C(C(F)(F)F)(F)F)(F)F,Danio rerio,female,liver,0.22,24.0,24,True,5.86
C(C(C(C(F)(F)P(=O)(C(C(C(C(C(C(F)(F)F)(F)F)(F)F)(F)F)(F)F)(F)F)O)(F)F)(F)F)(C(C(F)(F)F)(F)F)(F)F,Danio rerio,female,liver,5.11,24.0,24,True,5.01
C(C(C(C(F)(F)P(=O)(C(C(C(C(C(C(F)(F)F)(F)F)(F)F)(F)F)(F)F)(F)F)O)(F)F)(F)F)(C(C(F)(F)F)(F)F)(F)F,Danio rerio,female,muscle,0.22,24.0,24,True,5.21
C(C(C(C(F)(F)P(=O)(C(C(C(C(C(C(F)(F)F)(F)F)(F)F)(F)F)(F)F)(F)F)O)(F)F)(F)F)(C(C(F)(F)F)(F)F)(F)F,Danio rerio,female,muscle,5.11,24.0,24,True,4.49
C(C(C(C(F)(F)P(=O)(C(C(C(C(C(C(F)(F)F)(F)F)(F)F)(F)F)(F)F)(F)F)O)(F)F)(F)F)(C(C(F)(F)F)(F)F)(F)F,Danio rerio,female,ovary,0.22,24.0,24,True,5.83
C(C(C(C(F)(F)P(=O)(C(C(C(C(C(C(F)(F)F)(F)F)(F)F)(F)F)(F)F)(F)F)O)(F)F)(F)F)(C(C(F)(F)F)(F)F)(F)F,Danio rerio,female,ovary,5.11,24.0,24,True,4.42
C(C(C(C(F)(F)P(=O)(C(C(C(C(C(C(F)(F)F)(F)F)(F)F)(F)F)(F)F)(F)F)O)(F)F)(F)F)(C(C(F)(F)F)(F)F)(F)F,Danio rerio,female,whole body,0.22,24.0,24,True,5.63
C(C(C(C(F)(F)P(=O)(C(C(C(C(C(C(F)(F)F)(F)F)(F)F)(F)F)(F)F)(F)F)O)(F)F)(F)F)(C(C(F)(F)F)(F)F)(F)F,Danio rerio,female,whole body,5.11,24.0,24,True,4.62
C(C(C(C(C(F)(F)P(=O)(C(C(C(C(C(C(F)(F)F)(F)F)(F)F)(F)F)(F)F)(F)F)O)(F)F)(F)F)(F)F)(C(C(C(F)(F)F)(F)F)(F)F)(F)F,Danio rerio,female,plasma,0.000506,24.0,24,True,9.37
C(C(C(C(C(F)(F)P(=O)(C(C(C(C(C(C(F)(F)F)(F)F)(F)F)(F)F)(F)F)(F)F)O)(F)F)(F)F)(F)F)(C(C(C(F)(F)F)(F)F)(F)F)(F)F,Danio rerio,female,plasma,0.057,24.0,24,True,7.9
C(C(C(C(C(F)(F)P(=O)(C(C(C(C(C(C(F)(F)F)(F)F)(F)F)(F)F)(F)F)(F)F)O)(F)F)(F)F)(F)F)(C(C(C(F)(F)F)(F)F)(F)F)(F)F,Danio rerio,female,liver,0.000506,24.0,24,True,8.29
C(C(C(C(C(F)(F)P(=O)(C(C(C(C(C(C(F)(F)F)(F)F)(F)F)(F)F)(F)F)(F)F)O)(F)F)(F)F)(F)F)(C(C(C(F)(F)F)(F)F)(F)F)(F)F,Danio rerio,female,liver,0.057,24.0,24,True,6.69
C(C(C(C(C(F)(F)P(=O)(C(C(C(C(C(C(F)(F)F)(F)F)(F)F)(F)F)(F)F)(F)F)O)(F)F)(F)F)(F)F)(C(C(C(F)(F)F)(F)F)(F)F)(F)F,Danio rerio,female,muscle,0.000506,24.0,24,True,7.78
C(C(C(C(C(F)(F)P(=O)(C(C(C(C(C(C(F)(F)F)(F)F)(F)F)(F)F)(F)F)(F)F)O)(F)F)(F)F)(F)F)(C(C(C(F)(F)F)(F)F)(F)F)(F)F,Danio rerio,female,muscle,0.057,24.0,24,True,6.26
C(C(C(C(C(F)(F)P(=O)(C(C(C(C(C(C(F)(F)F)(F)F)(F)F)(F)F)(F)F)(F)F)O)(F)F)(F)F)(F)F)(C(C(C(F)(F)F)(F)F)(F)F)(F)F,Danio rerio,female,ovary,0.000506,24.0,24,True,8.46
C(C(C(C(C(F)(F)P(=O)(C(C(C(C(C(C(F)(F)F)(F)F)(F)F)(F)F)(F)F)(F)F)O)(F)F)(F)F)(F)F)(C(C(C(F)(F)F)(F)F)(F)F)(F)F,Danio rerio,female,ovary,0.057,24.0,24,True,6.41
C(C(C(C(C(F)(F)P(=O)(C(C(C(C(C(C(F)(F)F)(F)F)(F)F)(F)F)(F)F)(F)F)O)(F)F)(F)F)(F)F)(C(C(C(F)(F)F)(F)F)(F)F)(F)F,Danio rerio,female,whole body,0.000506,24.0,24,True,8.23
C(C(C(C(C(F)(F)P(=O)(C(C(C(C(C(C(F)(F)F)(F)F)(F)F)(F)F)(F)F)(F)F)O)(F)F)(F)F)(F)F)(C(C(C(F)(F)F)(F)F)(F)F)(F)F,Danio rerio,female,whole body,0.057,24.0,24,True,6.48
C(C(C(C(C(F)(F)P(=O)(C(C(C(C(C(C(C(C(F)(F)F)(F)F)(F)F)(F)F)(F)F)(F)F)(F)F)(F)F)O)(F)F)(F)F)(F)F)(C(C(C(F)(F)F)(F)F)(F)F)(F)F,Danio rerio,female,plasma,3.72e-05,24.0,24,True,10.05
C(C(C(C(C(F)(F)P(=O)(C(C(C(C(C(C(C(C(F)(F)F)(F)F)(F)F)(F)F)(F)F)(F)F)(F)F)(F)F)O)(F)F)(F)F)(F)F)(C(C(C(F)(F)F)(F)F)(F)F)(F)F,Danio rerio,female,plasma,0.00237,24.0,24,True,9.15
C(C(C(C(C(F)(F)P(=O)(C(C(C(C(C(C(C(C(F)(F)F)(F)F)(F)F)(F)F)(F)F)(F)F)(F)F)(F)F)O)(F)F)(F)F)(F)F)(C(C(C(F)(F)F)(F)F)(F)F)(F)F,Danio rerio,female,liver,3.72e-05,24.0,24,True,8.7
C(C(C(C(C(F)(F)P(=O)(C(C(C(C(C(C(C(C(F)(F)F)(F)F)(F)F)(F)F)(F)F)(F)F)(F)F)(F)F)O)(F)F)(F)F)(F)F)(C(C(C(F)(F)F)(F)F)(F)F)(F)F,Danio rerio,female,liver,0.00237,24.0,24,True,6.19
C(C(C(C(C(F)(F)P(=O)(C(C(C(C(C(C(C(C(F)(F)F)(F)F)(F)F)(F)F)(F)F)(F)F)(F)F)(F)F)O)(F)F)(F)F)(F)F)(C(C(C(F)(F)F)(F)F)(F)F)(F)F,Danio rerio,female,muscle,3.72e-05,24.0,24,True,8.45
C(C(C(C(C(F)(F)P(=O)(C(C(C(C(C(C(C(C(F)(F)F)(F)F)(F)F)(F)F)(F)F)(F)F)(F)F)(F)F)O)(F)F)(F)F)(F)F)(C(C(C(F)(F)F)(F)F)(F)F)(F)F,Danio rerio,female,muscle,0.00237,24.0,24,True,7.31
C(C(C(C(C(F)(F)P(=O)(C(C(C(C(C(C(C(C(F)(F)F)(F)F)(F)F)(F)F)(F)F)(F)F)(F)F)(F)F)O)(F)F)(F)F)(F)F)(C(C(C(F)(F)F)(F)F)(F)F)(F)F,Danio rerio,female,ovary,3.72e-05,24.0,24,True,9.18
C(C(C(C(C(F)(F)P(=O)(C(C(C(C(C(C(C(C(F)(F)F)(F)F)(F)F)(F)F)(F)F)(F)F)(F)F)(F)F)O)(F)F)(F)F)(F)F)(C(C(C(F)(F)F)(F)F)(F)F)(F)F,Danio rerio,female,ovary,0.00237,24.0,24,True,7.73
C(C(C(C(C(F)(F)P(=O)(C(C(C(C(C(C(C(C(F)(F)F)(F)F)(F)F)(F)F)(F)F)(F)F)(F)F)(F)F)O)(F)F)(F)F)(F)F)(C(C(C(F)(F)F)(F)F)(F)F)(F)F,Danio rerio,female,whole body,3.72e-05,24.0,24,True,8.93
C(C(C(C(C(F)(F)P(=O)(C(C(C(C(C(C(C(C(F)(F)F)(F)F)(F)F)(F)F)(F)F)(F)F)(F)F)(F)F)O)(F)F)(F)F)(F)F)(C(C(C(F)(F)F)(F)F)(F)F)(F)F,Danio rerio,female,whole body,0.00237,24.0,24,True,7.67
C(C(C(C(C(C(F)(F)P(=O)(C(C(C(C(C(C(F)(F)F)(F)F)(F)F)(F)F)(F)F)(F)F)O)(F)F)(F)F)(F)F)(F)F)(C(C(C(C(F)(F)F)(F)F)(F)F)(F)F)(F)F,Danio rerio,female,plasma,2.64e-05,24.0,24,True,10.41
C(C(C(C(C(C(F)(F)P(=O)(C(C(C(C(C(C(F)(F)F)(F)F)(F)F)(F)F)(F)F)(F)F)O)(F)F)(F)F)(F)F)(F)F)(C(C(C(C(F)(F)F)(F)F)(F)F)(F)F)(F)F,Danio rerio,female,plasma,0.00208,24.0,24,True,9.35
C(C(C(C(C(C(F)(F)P(=O)(C(C(C(C(C(C(F)(F)F)(F)F)(F)F)(F)F)(F)F)(F)F)O)(F)F)(F)F)(F)F)(F)F)(C(C(C(C(F)(F)F)(F)F)(F)F)(F)F)(F)F,Danio rerio,female,liver,2.64e-05,24.0,24,True,9.09
C(C(C(C(C(C(F)(F)P(=O)(C(C(C(C(C(C(F)(F)F)(F)F)(F)F)(F)F)(F)F)(F)F)O)(F)F)(F)F)(F)F)(F)F)(C(C(C(C(F)(F)F)(F)F)(F)F)(F)F)(F)F,Danio rerio,female,liver,0.00208,24.0,24,True,6.47
C(C(C(C(C(C(F)(F)P(=O)(C(C(C(C(C(C(F)(F)F)(F)F)(F)F)(F)F)(F)F)(F)F)O)(F)F)(F)F)(F)F)(F)F)(C(C(C(C(F)(F)F)(F)F)(F)F)(F)F)(F)F,Danio rerio,female,muscle,2.64e-05,24.0,24,True,8.79
C(C(C(C(C(C(F)(F)P(=O)(C(C(C(C(C(C(F)(F)F)(F)F)(F)F)(F)F)(F)F)(F)F)O)(F)F)(F)F)(F)F)(F)F)(C(C(C(C(F)(F)F)(F)F)(F)F)(F)F)(F)F,Danio rerio,female,muscle,0.00208,24.0,24,True,7.52
C(C(C(C(C(C(F)(F)P(=O)(C(C(C(C(C(C(F)(F)F)(F)F)(F)F)(F)F)(F)F)(F)F)O)(F)F)(F)F)(F)F)(F)F)(C(C(C(C(F)(F)F)(F)F)(F)F)(F)F)(F)F,Danio rerio,female,ovary,2.64e-05,24.0,24,True,9.47
C(C(C(C(C(C(F)(F)P(=O)(C(C(C(C(C(C(F)(F)F)(F)F)(F)F)(F)F)(F)F)(F)F)O)(F)F)(F)F)(F)F)(F)F)(C(C(C(C(F)(F)F)(F)F)(F)F)(F)F)(F)F,Danio rerio,female,ovary,0.00208,24.0,24,True,7.78
C(C(C(C(C(C(F)(F)P(=O)(C(C(C(C(C(C(F)(F)F)(F)F)(F)F)(F)F)(F)F)(F)F)O)(F)F)(F)F)(F)F)(F)F)(C(C(C(C(F)(F)F)(F)F)(F)F)(F)F)(F)F,Danio rerio,female,whole body,2.64e-05,24.0,24,True,9.24
C(C(C(C(C(C(F)(F)P(=O)(C(C(C(C(C(C(F)(F)F)(F)F)(F)F)(F)F)(F)F)(F)F)O)(F)F)(F)F)(F)F)(F)F)(C(C(C(C(F)(F)F)(F)F)(F)F)(F)F)(F)F,Danio rerio,female,whole body,0.00208,24.0,24,True,7.81
C(C(C(C(C(C(F)(F)P(=O)(C(C(C(C(C(C(C(C(F)(F)F)(F)F)(F)F)(F)F)(F)F)(F)F)(F)F)(F)F)O)(F)F)(F)F)(F)F)(F)F)(C(C(C(C(F)(F)F)(F)F)(F)F)(F)F)(F)F,Danio rerio,female,plasma,1e-05,24.0,24,True,7.51
C(C(C(C(C(C(F)(F)P(=O)(C(C(C(C(C(C(C(C(F)(F)F)(F)F)(F)F)(F)F)(F)F)(F)F)(F)F)(F)F)O)(F)F)(F)F)(F)F)(F)F)(C(C(C(C(F)(F)F)(F)F)(F)F)(F)F)(F)F,Danio rerio,female,plasma,0.00335,24.0,24,True,7.47
C(C(C(C(C(C(F)(F)P(=O)(C(C(C(C(C(C(C(C(F)(F)F)(F)F)(F)F)(F)F)(F)F)(F)F)(F)F)(F)F)O)(F)F)(F)F)(F)F)(F)F)(C(C(C(C(F)(F)F)(F)F)(F)F)(F)F)(F)F,Danio rerio,female,liver,1e-05,24.0,24,True,4.04
C(C(C(C(C(C(F)(F)P(=O)(C(C(C(C(C(C(C(C(F)(F)F)(F)F)(F)F)(F)F)(F)F)(F)F)(F)F)(F)F)O)(F)F)(F)F)(F)F)(F)F)(C(C(C(C(F)(F)F)(F)F)(F)F)(F)F)(F)F,Danio rerio,female,liver,0.00335,24.0,24,True,3.46
C(C(C(C(C(C(F)(F)P(=O)(C(C(C(C(C(C(C(C(F)(F)F)(F)F)(F)F)(F)F)(F)F)(F)F)(F)F)(F)F)O)(F)F)(F)F)(F)F)(F)F)(C(C(C(C(F)(F)F)(F)F)(F)F)(F)F)(F)F,Danio rerio,female,muscle,1e-05,24.0,24,True,5.38
C(C(C(C(C(C(F)(F)P(=O)(C(C(C(C(C(C(C(C(F)(F)F)(F)F)(F)F)(F)F)(F)F)(F)F)(F)F)(F)F)O)(F)F)(F)F)(F)F)(F)F)(C(C(C(C(F)(F)F)(F)F)(F)F)(F)F)(F)F,Danio rerio,female,muscle,0.00335,24.0,24,True,5.4
C(C(C(C(C(C(F)(F)P(=O)(C(C(C(C(C(C(C(C(F)(F)F)(F)F)(F)F)(F)F)(F)F)(F)F)(F)F)(F)F)O)(F)F)(F)F)(F)F)(F)F)(C(C(C(C(F)(F)F)(F)F)(F)F)(F)F)(F)F,Danio rerio,female,ovary,1e-05,24.0,24,True,5.76
C(C(C(C(C(C(F)(F)P(=O)(C(C(C(C(C(C(C(C(F)(F)F)(F)F)(F)F)(F)F)(F)F)(F)F)(F)F)(F)F)O)(F)F)(F)F)(F)F)(F)F)(C(C(C(C(F)(F)F)(F)F)(F)F)(F)F)(F)F,Danio rerio,female,ovary,0.00335,24.0,24,True,5.42
C(C(C(C(C(C(F)(F)P(=O)(C(C(C(C(C(C(C(C(F)(F)F)(F)F)(F)F)(F)F)(F)F)(F)F)(F)F)(F)F)O)(F)F)(F)F)(F)F)(F)F)(C(C(C(C(F)(F)F)(F)F)(F)F)(F)F)(F)F,Danio rerio,female,whole body,1e-05,24.0,24,True,5.84
C(C(C(C(C(C(F)(F)P(=O)(C(C(C(C(C(C(C(C(F)(F)F)(F)F)(F)F)(F)F)(F)F)(F)F)(F)F)(F)F)O)(F)F)(F)F)(F)F)(F)F)(C(C(C(C(F)(F)F)(F)F)(F)F)(F)F)(F)F,Danio rerio,female,whole body,0.00335,24.0,24,True,5.74
C(C(C(C(C(C(C(F)(F)P(=O)(C(C(C(C(C(C(F)(F)F)(F)F)(F)F)(F)F)(F)F)(F)F)O)(F)F)(F)F)(F)F)(F)F)(F)F)(C(C(C(C(C(F)(F)F)(F)F)(F)F)(F)F)(F)F)(F)F,Danio rerio,female,plasma,3.35e-05,24.0,24,True,8.69
C(C(C(C(C(C(C(F)(F)P(=O)(C(C(C(C(C(C(F)(F)F)(F)F)(F)F)(F)F)(F)F)(F)F)O)(F)F)(F)F)(F)F)(F)F)(F)F)(C(C(C(C(C(F)(F)F)(F)F)(F)F)(F)F)(F)F)(F)F,Danio rerio,female,plasma,0.00445,24.0,24,True,7.39
C(C(C(C(C(C(C(F)(F)P(=O)(C(C(C(C(C(C(F)(F)F)(F)F)(F)F)(F)F)(F)F)(F)F)O)(F)F)(F)F)(F)F)(F)F)(F)F)(C(C(C(C(C(F)(F)F)(F)F)(F)F)(F)F)(F)F)(F)F,Danio rerio,female,liver,3.35e-05,24.0,24,True,6.91
C(C(C(C(C(C(C(F)(F)P(=O)(C(C(C(C(C(C(F)(F)F)(F)F)(F)F)(F)F)(F)F)(F)F)O)(F)F)(F)F)(F)F)(F)F)(F)F)(C(C(C(C(C(F)(F)F)(F)F)(F)F)(F)F)(F)F)(F)F,Danio rerio,female,liver,0.00445,24.0,24,True,2.96
C(C(C(C(C(C(C(F)(F)P(=O)(C(C(C(C(C(C(F)(F)F)(F)F)(F)F)(F)F)(F)F)(F)F)O)(F)F)(F)F)(F)F)(F)F)(F)F)(C(C(C(C(C(F)(F)F)(F)F)(F)F)(F)F)(F)F)(F)F,Danio rerio,female,muscle,3.35e-05,24.0,24,True,6.45
C(C(C(C(C(C(C(F)(F)P(=O)(C(C(C(C(C(C(F)(F)F)(F)F)(F)F)(F)F)(F)F)(F)F)O)(F)F)(F)F)(F)F)(F)F)(F)F)(C(C(C(C(C(F)(F)F)(F)F)(F)F)(F)F)(F)F)(F)F,Danio rerio,female,muscle,0.00445,24.0,24,True,5.17
C(C(C(C(C(C(C(F)(F)P(=O)(C(C(C(C(C(C(F)(F)F)(F)F)(F)F)(F)F)(F)F)(F)F)O)(F)F)(F)F)(F)F)(F)F)(F)F)(C(C(C(C(C(F)(F)F)(F)F)(F)F)(F)F)(F)F)(F)F,Danio rerio,female,ovary,3.35e-05,24.0,24,True,6.9
C(C(C(C(C(C(C(F)(F)P(=O)(C(C(C(C(C(C(F)(F)F)(F)F)(F)F)(F)F)(F)F)(F)F)O)(F)F)(F)F)(F)F)(F)F)(F)F)(C(C(C(C(C(F)(F)F)(F)F)(F)F)(F)F)(F)F)(F)F,Danio rerio,female,ovary,0.00445,24.0,24,True,5.26
C(C(C(C(C(C(C(F)(F)P(=O)(C(C(C(C(C(C(F)(F)F)(F)F)(F)F)(F)F)(F)F)(F)F)O)(F)F)(F)F)(F)F)(F)F)(F)F)(C(C(C(C(C(F)(F)F)(F)F)(F)F)(F)F)(F)F)(F)F,Danio rerio,female,whole body,3.35e-05,24.0,24,True,7.0
C(C(C(C(C(C(C(F)(F)P(=O)(C(C(C(C(C(C(F)(F)F)(F)F)(F)F)(F)F)(F)F)(F)F)O)(F)F)(F)F)(F)F)(F)F)(F)F)(C(C(C(C(C(F)(F)F)(F)F)(F)F)(F)F)(F)F)(F)F,Danio rerio,female,whole body,0.00445,24.0,24,True,5.61
C(CS(=O)(=O)[O-])C(C(C(C(C(C(F)(F)F)(F)F)(F)F)(F)F)(F)F)(F)F.[K+],Oncorhynchus mykiss,both,whole body,1.08,56.0,28,False,1.342422681
C(CS(=O)(=O)[O-])C(C(C(C(C(C(F)(F)F)(F)F)(F)F)(F)F)(F)F)(F)F.[K+],Oncorhynchus mykiss,both,whole body,9.32,56.0,28,False,0.602059991
C(=O)(C(C(C(C(C(C(C(F)(F)F)(F)F)(F)F)(F)F)(F)F)(F)F)(F)F)O,Cyprinus carpio,both,whole body,47.6,28.0,0,False,0.491361694
C(=O)(C(C(C(C(C(C(C(F)(F)F)(F)F)(F)F)(F)F)(F)F)(F)F)(F)F)O,Cyprinus carpio,both,whole body,4.1,28.0,0,False,0.707570176
C(=O)(C(C(C(C(C(C(C(C(C(C(F)(F)F)(F)F)(F)F)(F)F)(F)F)(F)F)(F)F)(F)F)(F)F)(F)F)O,Cyprinus carpio,both,whole body,0.946,60.0,66,False,3.361727836
C(=O)(C(C(C(C(C(C(C(C(C(C(F)(F)F)(F)F)(F)F)(F)F)(F)F)(F)F)(F)F)(F)F)(F)F)(F)F)O,Cyprinus carpio,both,whole body,0.0911,60.0,23,False,3.568201724
C(=O)(C(C(C(C(C(C(C(C(C(C(C(F)(F)F)(F)F)(F)F)(F)F)(F)F)(F)F)(F)F)(F)F)(F)F)(F)F)(F)F)O,Cyprinus carpio,both,whole body,0.978,60.0,28,False,4.204119983
C(=O)(C(C(C(C(C(C(C(C(C(C(C(F)(F)F)(F)F)(F)F)(F)F)(F)F)(F)F)(F)F)(F)F)(F)F)(F)F)(F)F)O,Cyprinus carpio,both,whole body,0.0978,60.0,47,False,4.0
C(=O)(C(C(C(C(C(C(C(C(C(C(C(C(C(F)(F)F)(F)F)(F)F)(F)F)(F)F)(F)F)(F)F)(F)F)(F)F)(F)F)(F)F)(F)F)(F)F)O,Cyprinus carpio,both,whole body,0.89,60.0,29,False,4.204119983
C(=O)(C(C(C(C(C(C(C(C(C(C(C(C(C(F)(F)F)(F)F)(F)F)(F)F)(F)F)(F)F)(F)F)(F)F)(F)F)(F)F)(F)F)(F)F)(F)F)O,Cyprinus carpio,both,whole body,0.0893,60.0,29,False,4.230448921
C(=O)(C(C(C(C(C(C(C(C(C(C(C(C(C(C(C(F)(F)F)(F)F)(F)F)(F)F)(F)F)(F)F)(F)F)(F)F)(F)F)(F)F)(F)F)(F)F)(F)F)(F)F)(F)F)O,Cyprinus carpio,both,whole body,0.998,60.0,77,False,3.681241237
C(=O)(C(C(C(C(C(C(C(C(C(C(C(C(C(C(C(F)(F)F)(F)F)(F)F)(F)F)(F)F)(F)F)(F)F)(F)F)(F)F)(F)F)(F)F)(F)F)(F)F)(F)F)(F)F)O,Cyprinus carpio,both,whole body,0.1,60.0,77,False,3.672097858
C(=O)(C(C(C(C(C(C(C(C(C(C(C(C(C(C(C(C(C(F)(F)F)(F)F)(F)F)(F)F)(F)F)(F)F)(F)F)(F)F)(F)F)(F)F)(F)F)(F)F)(F)F)(F)F)(F)F)(F)F)(F)F)O,Cyprinus carpio,both,whole body,0.967,60.0,24,False,2.633468456
C(=O)(C(C(C(C(C(C(C(C(C(C(C(C(C(C(C(C(C(F)(F)F)(F)F)(F)F)(F)F)(F)F)(F)F)(F)F)(F)F)(F)F)(F)F)(F)F)(F)F)(F)F)(F)F)(F)F)(F)F)(F)F)O,Cyprinus carpio,both,whole body,0.0974,60.0,24,False,2.505149978
C(C(C(C(C(F)(F)S(=O)(=O)O)(F)F)(F)F)(F)F)(C(C(C(F)(F)F)(F)F)(F)F)(F)F,Cyprinus carpio,both,whole body,16.0,58.0,37,False,2.857332496
C(C(C(C(C(F)(F)S(=O)(=O)O)(F)F)(F)F)(F)F)(C(C(C(F)(F)F)(F)F)(F)F)(F)F,Cyprinus carpio,both,whole body,1.88,58.0,37,False,3.113943352
C(=O)(C(C(C(C(C(C(C(F)(F)F)(F)F)(F)F)(F)F)(F)F)(F)F)(F)F)O,Oncorhynchus mykiss,both,whole body,1.5,12.0,33,True,0.602059991
C(=O)(C(C(C(C(C(C(C(F)(F)F)(F)F)(F)F)(F)F)(F)F)(F)F)(F)F)O,Oncorhynchus mykiss,both,blood,1.5,12.0,33,True,1.431363764
C(=O)(C(C(C(C(C(C(C(F)(F)F)(F)F)(F)F)(F)F)(F)F)(F)F)(F)F)O,Oncorhynchus mykiss,both,liver,1.5,12.0,33,True,0.903089987
C(=O)(C(C(C(C(C(C(C(C(C(F)(F)F)(F)F)(F)F)(F)F)(F)F)(F)F)(F)F)(F)F)(F)F)O,Oncorhynchus mykiss,both,whole body,0.71,12.0,33,True,2.653212514
C(=O)(C(C(C(C(C(C(C(C(C(F)(F)F)(F)F)(F)F)(F)F)(F)F)(F)F)(F)F)(F)F)(F)F)O,Oncorhynchus mykiss,both,blood,0.71,12.0,33,True,3.431363764
C(=O)(C(C(C(C(C(C(C(C(C(F)(F)F)(F)F)(F)F)(F)F)(F)F)(F)F)(F)F)(F)F)(F)F)O,Oncorhynchus mykiss,both,liver,0.71,12.0,33,True,3.041392685
C(=O)(C(C(C(C(C(C(C(C(C(C(F)(F)F)(F)F)(F)F)(F)F)(F)F)(F)F)(F)F)(F)F)(F)F)(F)F)O,Oncorhynchus mykiss,both,whole body,0.48,12.0,33,True,3.431363764
C(=O)(C(C(C(C(C(C(C(C(C(C(F)(F)F)(F)F)(F)F)(F)F)(F)F)(F)F)(F)F)(F)F)(F)F)(F)F)O,Oncorhynchus mykiss,both,blood,0.48,12.0,33,True,4.041392685
C(=O)(C(C(C(C(C(C(C(C(C(C(F)(F)F)(F)F)(F)F)(F)F)(F)F)(F)F)(F)F)(F)F)(F)F)(F)F)O,Oncorhynchus mykiss,both,liver,0.48,12.0,33,True,3.69019608
C(=O)(C(C(C(C(C(C(C(C(C(C(C(F)(F)F)(F)F)(F)F)(F)F)(F)F)(F)F)(F)F)(F)F)(F)F)(F)F)(F)F)O,Oncorhynchus mykiss,both,whole body,0.2,12.0,33,True,4.255272505
C(=O)(C(C(C(C(C(C(C(C(C(C(C(F)(F)F)(F)F)(F)F)(F)F)(F)F)(F)F)(F)F)(F)F)(F)F)(F)F)(F)F)O,Oncorhynchus mykiss,both,blood,0.2,12.0,33,True,4.602059991
C(=O)(C(C(C(C(C(C(C(C(C(C(C(F)(F)F)(F)F)(F)F)(F)F)(F)F)(F)F)(F)F)(F)F)(F)F)(F)F)(F)F)O,Oncorhynchus mykiss,both,liver,0.2,12.0,33,True,4.255272505
C(=O)(C(C(C(C(C(C(C(C(C(C(C(C(C(F)(F)F)(F)F)(F)F)(F)F)(F)F)(F)F)(F)F)(F)F)(F)F)(F)F)(F)F)(F)F)(F)F)O,Oncorhynchus mykiss,both,whole body,0.014,12.0,33,True,4.361727836
C(=O)(C(C(C(C(C(C(C(C(C(C(C(C(C(F)(F)F)(F)F)(F)F)(F)F)(F)F)(F)F)(F)F)(F)F)(F)F)(F)F)(F)F)(F)F)(F)F)O,Oncorhynchus mykiss,both,blood,0.014,12.0,33,True,4.477121255
C(=O)(C(C(C(C(C(C(C(C(C(C(C(C(C(F)(F)F)(F)F)(F)F)(F)F)(F)F)(F)F)(F)F)(F)F)(F)F)(F)F)(F)F)(F)F)(F)F)O,Oncorhynchus mykiss,both,liver,0.014,12.0,33,True,4.477121255
C(C(C(C(C(F)(F)S(=O)(=O)O)(F)F)(F)F)(F)F)(C(C(C(F)(F)F)(F)F)(F)F)(F)F,Oncorhynchus mykiss,both,whole body,0.35,12.0,33,True,3.041392685
C(C(C(C(C(F)(F)S(=O)(=O)O)(F)F)(F)F)(F)F)(C(C(C(F)(F)F)(F)F)(F)F)(F)F,Oncorhynchus mykiss,both,blood,0.35,12.0,33,True,3.633468456
C(C(C(C(C(F)(F)S(=O)(=O)O)(F)F)(F)F)(F)F)(C(C(C(F)(F)F)(F)F)(F)F)(F)F,Oncorhynchus mykiss,both,liver,0.35,12.0,33,True,3.73239376
C(C(C(C(F)(F)S(=O)(=O)O)(F)F)(F)F)(C(C(F)(F)F)(F)F)(F)F,Oncorhynchus mykiss,both,whole body,1.4,12.0,33,True,0.982271233
C(C(C(C(F)(F)S(=O)(=O)O)(F)F)(F)F)(C(C(F)(F)F)(F)F)(F)F,Oncorhynchus mykiss,both,blood,1.4,12.0,33,True,1.880813592
C(C(C(C(F)(F)S(=O)(=O)O)(F)F)(F)F)(C(C(F)(F)F)(F)F)(F)F,Oncorhynchus mykiss,both,liver,1.4,12.0,33,True,2.0
C(C(C(C(F)(F)Cl)(F)F)(F)F)(C(C(OC(C(F)(F)S(=O)(=O)[O-])(F)F)(F)F)(F)F)(F)F.[K+],Danio rerio,both,whole body,4.93,0.083333333,1,False,1.514105286
C(C(C(C(F)(F)Cl)(F)F)(F)F)(C(C(OC(C(F)(F)S(=O)(=O)[O-])(F)F)(F)F)(F)F)(F)F.[K+],Danio rerio,both,whole body,4.93,0.25,1,False,1.848820179
C(C(C(C(F)(F)Cl)(F)F)(F)F)(C(C(OC(C(F)(F)S(=O)(=O)[O-])(F)F)(F)F)(F)F)(F)F.[K+],Danio rerio,both,whole body,4.93,0.875,1,False,2.302436779
C(C(C(C(F)(F)Cl)(F)F)(F)F)(C(C(OC(C(F)(F)S(=O)(=O)[O-])(F)F)(F)F)(F)F)(F)F.[K+],Danio rerio,both,whole body,4.93,1.208333333,1,False,2.440787245
C(C(C(C(F)(F)Cl)(F)F)(F)F)(C(C(OC(C(F)(F)S(=O)(=O)[O-])(F)F)(F)F)(F)F)(F)F.[K+],Danio rerio,both,whole body,4.93,1.875,1,False,2.664008045
C(C(C(C(F)(F)Cl)(F)F)(F)F)(C(C(OC(C(F)(F)S(=O)(=O)[O-])(F)F)(F)F)(F)F)(F)F.[K+],Danio rerio,both,whole body,4.93,2.0,1,False,2.69336081
C(C(C(C(F)(F)Cl)(F)F)(F)F)(C(C(OC(C(F)(F)S(=O)(=O)[O-])(F)F)(F)F)(F)F)(F)F.[K+],Danio rerio,both,whole body,51.92,0.083333333,1,False,1.350126434
C(C(C(C(F)(F)Cl)(F)F)(F)F)(C(C(OC(C(F)(F)S(=O)(=O)[O-])(F)F)(F)F)(F)F)(F)F.[K+],Danio rerio,both,whole body,51.92,0.25,1,False,1.754006878
C(C(C(C(F)(F)Cl)(F)F)(F)F)(C(C(OC(C(F)(F)S(=O)(=O)[O-])(F)F)(F)F)(F)F)(F)F.[K+],Danio rerio,both,whole body,51.92,0.875,1,False,2.238484896
C(C(C(C(F)(F)Cl)(F)F)(F)F)(C(C(OC(C(F)(F)S(=O)(=O)[O-])(F)F)(F)F)(F)F)(F)F.[K+],Danio rerio,both,whole body,51.92,1.208333333,1,False,2.426654824
C(C(C(C(F)(F)Cl)(F)F)(F)F)(C(C(OC(C(F)(F)S(=O)(=O)[O-])(F)F)(F)F)(F)F)(F)F.[K+],Danio rerio,both,whole body,51.92,1.875,1,False,2.619345832
C(C(C(C(F)(F)Cl)(F)F)(F)F)(C(C(OC(C(F)(F)S(=O)(=O)[O-])(F)F)(F)F)(F)F)(F)F.[K+],Danio rerio,both,whole body,51.92,2.0,1,False,2.656115292
C(C(C(C(F)(F)Cl)(F)F)(F)F)(C(C(OC(C(F)(F)S(=O)(=O)[O-])(F)F)(F)F)(F)F)(F)F.[K+],Danio rerio,female,liver,7.45,7.0,5,False,2.8162413
C(C(C(C(F)(F)Cl)(F)F)(F)F)(C(C(OC(C(F)(F)S(=O)(=O)[O-])(F)F)(F)F)(F)F)(F)F.[K+],Danio rerio,female,gill,7.45,7.0,5,False,2.62324929
C(C(C(C(F)(F)Cl)(F)F)(F)F)(C(C(OC(C(F)(F)S(=O)(=O)[O-])(F)F)(F)F)(F)F)(F)F.[K+],Danio rerio,female,gonad,7.45,7.0,5,False,2.851258349
C(C(C(C(F)(F)Cl)(F)F)(F)F)(C(C(OC(C(F)(F)S(=O)(=O)[O-])(F)F)(F)F)(F)F)(F)F.[K+],Danio rerio,female,brain,7.45,7.0,5,False,2.079181246
C(C(C(C(F)(F)Cl)(F)F)(F)F)(C(C(OC(C(F)(F)S(=O)(=O)[O-])(F)F)(F)F)(F)F)(F)F.[K+],Danio rerio,female,liver,74.435,7.0,5,False,2.831229694
C(C(C(C(F)(F)Cl)(F)F)(F)F)(C(C(OC(C(F)(F)S(=O)(=O)[O-])(F)F)(F)F)(F)F)(F)F.[K+],Danio rerio,female,gill,74.435,7.0,5,False,2.694605199
C(C(C(C(F)(F)Cl)(F)F)(F)F)(C(C(OC(C(F)(F)S(=O)(=O)[O-])(F)F)(F)F)(F)F)(F)F.[K+],Danio rerio,female,gonad,74.435,7.0,5,False,2.88536122
C(C(C(C(F)(F)Cl)(F)F)(F)F)(C(C(OC(C(F)(F)S(=O)(=O)[O-])(F)F)(F)F)(F)F)(F)F.[K+],Danio rerio,female,brain,74.435,7.0,5,False,2.096910013
C(C(C(C(F)(F)Cl)(F)F)(F)F)(C(C(OC(C(F)(F)S(=O)(=O)[O-])(F)F)(F)F)(F)F)(F)F.[K+],Danio rerio,male,liver,7.45,7.0,5,False,3.161966616
C(C(C(C(F)(F)Cl)(F)F)(F)F)(C(C(OC(C(F)(F)S(=O)(=O)[O-])(F)F)(F)F)(F)F)(F)F.[K+],Danio rerio,male,gill,7.45,7.0,5,False,3.095518042
C(C(C(C(F)(F)Cl)(F)F)(F)F)(C(C(OC(C(F)(F)S(=O)(=O)[O-])(F)F)(F)F)(F)F)(F)F.[K+],Danio rerio,male,gonad,7.45,7.0,5,False,2.820201459
C(C(C(C(F)(F)Cl)(F)F)(F)F)(C(C(OC(C(F)(F)S(=O)(=O)[O-])(F)F)(F)F)(F)F)(F)F.[K+],Danio rerio,male,brain,7.45,7.0,5,False,2.530199698
C(C(C(C(F)(F)Cl)(F)F)(F)F)(C(C(OC(C(F)(F)S(=O)(=O)[O-])(F)F)(F)F)(F)F)(F)F.[K+],Danio rerio,male,liver,74.435,7.0,5,False,3.200576927
C(C(C(C(F)(F)Cl)(F)F)(F)F)(C(C(OC(C(F)(F)S(=O)(=O)[O-])(F)F)(F)F)(F)F)(F)F.[K+],Danio rerio,male,gill,74.435,7.0,5,False,3.135132651
C(C(C(C(F)(F)Cl)(F)F)(F)F)(C(C(OC(C(F)(F)S(=O)(=O)[O-])(F)F)(F)F)(F)F)(F)F.[K+],Danio rerio,male,gonad,74.435,7.0,5,False,2.862727528
C(C(C(C(F)(F)Cl)(F)F)(F)F)(C(C(OC(C(F)(F)S(=O)(=O)[O-])(F)F)(F)F)(F)F)(F)F.[K+],Danio rerio,male,brain,74.435,7.0,5,False,2.494154594
C(C(C(F)(F)S(=O)(=O)O)(F)F)(C(F)(F)F)(F)F,Cyprinus carpio,both,whole body,6.0,28.0,28,True,0.953587882
C(C(C(C(F)(F)S(=O)(=O)O)(F)F)(F)F)(C(C(F)(F)F)(F)F)(F)F,Cyprinus carpio,both,whole body,8.0,28.0,28,True,1.73884487
C(C(C(C(C(F)(F)S(=O)(=O)O)(F)F)(F)F)(F)F)(C(C(C(F)(F)F)(F)F)(F)F)(F)F,Cyprinus carpio,both,whole body,10.0,28.0,28,True,2.736426033
C(=O)(C(C(C(C(C(C(C(F)(F)F)(F)F)(F)F)(F)F)(F)F)(F)F)(F)F)O,Cyprinus carpio,both,whole body,8.28,28.0,28,True,2.641853457
C(=O)(C(C(C(C(C(C(C(C(F)(F)F)(F)F)(F)F)(F)F)(F)F)(F)F)(F)F)(F)F)O,Cyprinus carpio,both,whole body,9.28,28.0,28,True,2.854880572
C(=O)(C(C(C(C(C(C(C(C(C(F)(F)F)(F)F)(F)F)(F)F)(F)F)(F)F)(F)F)(F)F)(F)F)O,Cyprinus carpio,both,whole body,10.28,28.0,28,True,3.030417511
C(=O)(C(C(C(C(C(C(C(C(C(C(F)(F)F)(F)F)(F)F)(F)F)(F)F)(F)F)(F)F)(F)F)(F)F)(F)F)O,Cyprinus carpio,both,whole body,11.28,28.0,28,True,3.221130761
C(=O)(C(C(C(C(C(C(C(C(C(C(C(F)(F)F)(F)F)(F)F)(F)F)(F)F)(F)F)(F)F)(F)F)(F)F)(F)F)(F)F)O,Cyprinus carpio,both,whole body,12.28,28.0,28,True,3.275167084
